,abbreviation,assists,blocks,defensive_rebounds,field_goal_attempts,field_goal_percentage,field_goals,free_throw_attempts,free_throw_percentage,free_throws,games_played,minutes_played,name,offensive_rebounds,opp_assists,opp_blocks,opp_defensive_rebounds,opp_field_goal_attempts,opp_field_goal_percentage,opp_field_goals,opp_free_throw_attempts,opp_free_throw_percentage,opp_free_throws,opp_offensive_rebounds,opp_personal_fouls,opp_points,opp_steals,opp_three_point_field_goal_attempts,opp_three_point_field_goal_percentage,opp_three_point_field_goals,opp_total_rebounds,opp_turnovers,opp_two_point_field_goal_attempts,opp_two_point_field_goal_percentage,opp_two_point_field_goals,personal_fouls,points,rank,steals,three_point_field_goal_attempts,three_point_field_goal_percentage,three_point_field_goals,total_rebounds,turnovers,two_point_field_goal_attempts,two_point_field_goal_percentage,two_point_field_goals,year
PHO,PHO,1912,418,2616,6788,0.492,3339,2117,0.77,1631,82,19730,Phoenix Suns,910,1704,365,2391,7165,0.452,3235,2114,0.76,1606,1081,1789,8637,646,1582,0.355,561,3472,1065,5583,0.479,2674,1713,9039,1,479,1770,0.412,730,3526,1210,5018,0.52,2609,2010
GSW,GSW,1839,340,2397,7094,0.469,3329,2085,0.782,1631,82,19730,Golden State Warriors,753,1979,407,2842,7033,0.485,3409,2390,0.767,1832,1100,1757,9217,645,1514,0.375,567,3942,1442,5519,0.515,2842,1886,8922,2,761,1687,0.375,633,3150,1204,5407,0.499,2696,2010
DEN,DEN,1719,417,2505,6678,0.468,3124,2508,0.772,1937,82,19780,Denver Nuggets,889,1723,438,2513,6766,0.456,3088,2207,0.768,1695,955,1943,8394,578,1498,0.349,523,3468,1235,5268,0.487,2565,1844,8729,3,683,1517,0.359,544,3394,1136,5161,0.5,2580,2010
UTA,UTA,2187,400,2588,6575,0.491,3227,2233,0.741,1654,82,19755,Utah Jazz,872,1628,445,2376,6471,0.449,2908,2286,0.762,1741,837,1818,8109,632,1559,0.354,552,3213,1238,4912,0.48,2356,1859,8547,4,675,1207,0.364,439,3460,1246,5368,0.519,2788,2010
TOR,TOR,1804,384,2507,6631,0.482,3199,2118,0.764,1618,82,19780,Toronto Raptors,806,1889,360,2453,6824,0.468,3194,2146,0.784,1683,933,1730,8680,580,1665,0.366,609,3386,1040,5159,0.501,2585,1819,8534,5,469,1397,0.371,518,3313,1100,5234,0.512,2681,2010
ORL,ORL,1615,456,2736,6394,0.47,3005,2176,0.724,1575,82,19730,Orlando Magic,810,1550,288,2481,6739,0.438,2955,1830,0.754,1380,800,1819,7812,551,1437,0.363,522,3281,1050,5302,0.459,2433,1629,8426,6,512,2241,0.375,841,3546,1155,4153,0.521,2164,2010
MEM,MEM,1543,399,2496,6875,0.469,3223,2202,0.733,1614,82,19905,Memphis Grizzlies,1070,1875,501,2349,6849,0.478,3277,1858,0.755,1402,907,1840,8528,635,1618,0.354,572,3256,1165,5231,0.517,2705,1655,8404,7,645,1020,0.337,344,3566,1248,5855,0.492,2879,2010
HOU,HOU,1790,318,2471,6923,0.447,3094,2022,0.772,1561,82,19905,Houston Rockets,971,1716,532,2632,6810,0.475,3236,1917,0.764,1464,875,1840,8425,597,1344,0.364,489,3507,1207,5466,0.503,2747,1712,8395,8,583,1838,0.351,646,3442,1188,5085,0.481,2448,2010
NYK,NYK,1772,305,2477,6876,0.455,3127,1759,0.782,1376,82,19880,New York Knicks,836,1723,368,2724,6902,0.486,3352,1896,0.754,1429,959,1576,8686,585,1571,0.352,553,3683,1182,5331,0.525,2799,1638,8373,9,586,2145,0.346,743,3313,1148,4731,0.504,2384,2010
CLE,CLE,1835,425,2692,6391,0.485,3101,2180,0.72,1569,82,19780,Cleveland Cavaliers,791,1661,325,2366,6633,0.442,2935,1907,0.757,1444,794,1708,7838,542,1511,0.347,524,3160,1045,5122,0.471,2411,1591,8373,10,564,1582,0.381,602,3483,1137,4809,0.52,2499,2010
DAL,DAL,1917,449,2586,6760,0.464,3140,1870,0.816,1526,82,19880,Dallas Mavericks,834,1659,337,2592,6805,0.457,3107,1849,0.758,1402,922,1652,8141,563,1515,0.347,525,3514,1195,5290,0.488,2582,1563,8364,11,624,1498,0.372,558,3420,1059,5262,0.491,2582,2010
LAL,LAL,1730,400,2662,6875,0.457,3144,1985,0.765,1519,82,19830,Los Angeles Lakers,973,1792,363,2546,6840,0.446,3050,1776,0.75,1332,914,1737,7952,573,1585,0.328,520,3460,1159,5255,0.481,2530,1592,8339,12,612,1562,0.341,532,3635,1096,5313,0.492,2612,2010
ATL,ATL,1789,413,2451,6801,0.468,3181,1914,0.759,1452,82,19855,Atlanta Hawks,969,1719,359,2471,6623,0.46,3048,1852,0.745,1380,922,1582,7956,506,1392,0.345,480,3393,1135,5231,0.491,2568,1632,8338,13,592,1455,0.36,524,3420,980,5346,0.497,2657,2010
OKC,OKC,1639,481,2607,6629,0.462,3063,2210,0.805,1778,82,19805,Oklahoma City Thunder,960,1618,384,2397,6718,0.448,3007,2018,0.764,1541,937,1755,8036,616,1414,0.34,481,3334,1238,5304,0.476,2526,1743,8322,14,654,1229,0.34,418,3567,1227,5400,0.49,2645,2010
SAS,SAS,1829,381,2621,6659,0.473,3150,1969,0.74,1458,82,19780,San Antonio Spurs,887,1576,417,2427,6691,0.452,3025,1896,0.756,1433,814,1672,7895,567,1200,0.343,412,3241,1032,5491,0.476,2613,1669,8312,15,516,1547,0.358,554,3508,1116,5112,0.508,2596,2010
IND,IND,1730,439,2618,6823,0.443,3020,2019,0.775,1564,82,19705,Indiana Pacers,785,1694,414,2852,6875,0.453,3113,2346,0.756,1774,969,1709,8510,654,1405,0.363,510,3821,1227,5470,0.476,2603,1848,8263,16,585,1896,0.348,659,3403,1232,4927,0.479,2361,2010
NOH,NOH,1828,300,2450,6842,0.464,3178,1661,0.778,1293,82,19830,New Orleans Hornets,852,1925,367,2586,6730,0.483,3250,1841,0.751,1383,870,1597,8422,574,1517,0.355,539,3456,1177,5213,0.52,2711,1606,8220,17,625,1572,0.363,571,3302,1103,5270,0.495,2607,2010
SAC,SAC,1679,366,2518,6895,0.456,3144,1969,0.726,1430,82,19880,Sacramento Kings,977,1683,468,2538,6828,0.469,3199,2149,0.774,1663,909,1650,8558,586,1391,0.357,497,3447,1120,5437,0.497,2702,1827,8200,18,564,1383,0.349,482,3495,1226,5512,0.483,2662,2010
BOS,BOS,1930,402,2449,6294,0.483,3039,2090,0.746,1559,82,19780,Boston Celtics,716,1585,386,2418,6390,0.451,2880,2152,0.746,1606,868,1777,7836,578,1375,0.342,470,3286,1283,5015,0.481,2410,1816,8136,19,701,1433,0.348,499,3165,1219,4861,0.523,2540,2010
MIN,MIN,1626,306,2556,6923,0.449,3106,1926,0.746,1436,82,19780,Minnesota Timberwolves,962,2103,442,2640,6961,0.48,3343,1981,0.774,1534,917,1686,8838,721,1690,0.366,618,3557,1173,5271,0.517,2725,1699,8051,20,597,1181,0.341,403,3518,1333,5742,0.471,2703,2010
POR,POR,1674,350,2383,6453,0.461,2974,2033,0.79,1606,82,19855,Portland Trail Blazers,913,1583,333,2322,6352,0.464,2950,1870,0.745,1394,801,1767,7774,485,1399,0.343,480,3123,1104,4953,0.499,2470,1715,8045,21,523,1388,0.354,491,3296,1012,5065,0.49,2483,2010
PHI,PHI,1723,439,2421,6706,0.46,3087,1808,0.756,1366,82,19805,Philadelphia 76ers,941,1810,332,2470,6573,0.472,3105,1983,0.766,1518,888,1534,8334,621,1542,0.393,606,3358,1189,5031,0.497,2499,1677,8014,22,667,1381,0.343,474,3362,1192,5325,0.491,2613,2010
MIL,MIL,1740,385,2560,6998,0.436,3050,1675,0.755,1264,82,19980,Milwaukee Bucks,965,1581,421,2722,6361,0.451,2870,2211,0.765,1692,790,1664,7870,573,1276,0.343,438,3512,1254,5085,0.478,2432,1823,8009,23,580,1813,0.356,645,3525,1085,5185,0.464,2405,2010
CHI,CHI,1704,478,2715,6825,0.451,3081,1962,0.754,1479,82,19905,Chicago Bulls,937,1715,438,2589,6885,0.442,3043,1958,0.744,1457,916,1643,8127,578,1680,0.348,584,3505,1090,5205,0.472,2459,1648,7993,24,531,1066,0.33,352,3652,1175,5759,0.474,2729,2010
MIA,MIA,1548,457,2553,6518,0.458,2984,1931,0.752,1452,82,19880,Miami Heat,875,1545,355,2483,6408,0.439,2813,2091,0.754,1577,856,1639,7727,517,1531,0.342,524,3339,1184,4877,0.469,2289,1710,7914,25,605,1426,0.346,494,3428,1079,5092,0.489,2490,2010
WAS,WAS,1557,421,2458,6700,0.449,3008,1895,0.762,1444,82,19830,Washington Wizards,966,1772,415,2530,6664,0.463,3083,2088,0.761,1590,935,1684,8284,569,1466,0.36,528,3465,1115,5198,0.492,2555,1752,7892,26,493,1225,0.353,432,3424,1219,5475,0.471,2576,2010
LAC,LAC,1810,466,2502,6601,0.455,3002,1867,0.73,1362,82,19705,Los Angeles Clippers,927,1926,363,2490,6792,0.47,3193,1910,0.762,1455,879,1588,8370,686,1457,0.363,529,3369,1059,5335,0.499,2664,1581,7849,27,532,1457,0.332,483,3429,1285,5144,0.49,2519,2010
CHA,CHA,1658,446,2490,6306,0.453,2858,2180,0.751,1637,82,19880,Charlotte Bobcats,858,1666,502,2382,6536,0.448,2925,1710,0.743,1270,868,1804,7693,614,1696,0.338,573,3250,1256,4840,0.486,2352,1597,7813,28,632,1331,0.346,460,3348,1290,4975,0.482,2398,2010
DET,DET,1591,313,2242,6602,0.445,2940,1998,0.728,1455,82,19780,Detroit Pistons,1053,1898,401,2420,6172,0.48,2965,2124,0.767,1630,814,1702,8128,549,1514,0.375,568,3234,1174,4658,0.515,2397,1822,7709,29,596,1190,0.314,374,3295,1100,5412,0.474,2566,2010
NJN,NJN,1540,393,2358,6554,0.429,2813,2015,0.78,1572,82,19780,New Jersey Nets,897,1960,421,2683,6593,0.481,3172,2021,0.748,1511,925,1647,8323,638,1278,0.366,468,3608,1149,5315,0.509,2704,1643,7575,30,573,1185,0.318,377,3255,1182,5369,0.454,2436,2010
DEN,DEN,1813,352,2652,6613,0.476,3145,2429,0.765,1859,82,19705,Denver Nuggets,791,1820,488,2525,6876,0.459,3153,2036,0.756,1539,864,1864,8421,611,1675,0.344,576,3389,1127,5201,0.495,2577,1719,8811,1,605,1704,0.388,662,3443,1157,4909,0.506,2483,2011
NYK,NYK,1757,475,2470,6867,0.457,3140,2087,0.809,1689,82,19780,New York Knicks,847,1682,360,2646,6870,0.472,3242,2165,0.762,1650,964,1703,8670,586,1442,0.372,536,3610,1250,5428,0.499,2706,1743,8734,2,625,2081,0.368,765,3317,1123,4786,0.496,2375,2011
HOU,HOU,1955,371,2549,6975,0.454,3170,2083,0.801,1668,82,19880,Houston Rockets,962,1707,449,2552,6979,0.468,3266,1954,0.781,1526,955,1754,8506,588,1250,0.358,448,3507,1125,5729,0.492,2818,1641,8685,3,581,1843,0.367,677,3511,1110,5132,0.486,2493,2011
PHO,PHO,1945,357,2478,6844,0.47,3219,1939,0.759,1472,82,20005,Phoenix Suns,821,1890,356,2647,7018,0.472,3309,1964,0.754,1481,985,1740,8684,644,1595,0.367,585,3632,1189,5423,0.502,2724,1666,8611,4,545,1857,0.377,701,3299,1169,4987,0.505,2518,2011
OKC,OKC,1672,487,2604,6609,0.464,3066,2401,0.823,1977,82,20005,Oklahoma City Thunder,903,1712,356,2395,6823,0.458,3123,2093,0.744,1557,932,1767,8285,587,1335,0.361,482,3327,1152,5488,0.481,2641,1836,8596,5,654,1403,0.347,487,3507,1156,5206,0.495,2579,2011
SAS,SAS,1836,372,2603,6628,0.475,3148,1984,0.767,1521,82,19780,San Antonio Spurs,829,1685,374,2494,6860,0.456,3127,1698,0.766,1301,884,1701,8034,567,1305,0.367,479,3378,1095,5555,0.477,2648,1556,8502,6,602,1727,0.397,685,3432,1101,4901,0.503,2463,2011
GSW,GSW,1847,406,2370,7047,0.461,3251,1695,0.761,1290,82,19830,Golden State Warriors,955,2029,352,2623,6788,0.467,3173,2262,0.776,1755,1051,1512,8668,672,1586,0.358,567,3674,1324,5202,0.501,2606,1806,8477,7,737,1749,0.392,685,3325,1198,5298,0.484,2566,2011
MIA,MIA,1639,430,2666,6301,0.481,3031,2288,0.769,1760,82,19780,Miami Heat,790,1651,246,2349,6614,0.434,2869,1980,0.744,1473,864,1788,7757,574,1584,0.345,546,3213,1081,5030,0.462,2323,1674,8369,8,544,1479,0.37,547,3456,1142,4822,0.515,2484,2011
LAL,LAL,1801,422,2616,6757,0.463,3128,1979,0.779,1541,82,19830,Los Angeles Lakers,989,1827,372,2399,6888,0.437,3008,1628,0.765,1246,1002,1700,7820,585,1668,0.335,558,3401,1116,5220,0.469,2450,1555,8321,9,602,1487,0.352,524,3605,1073,5270,0.494,2604,2011
MIN,MIN,1650,422,2556,7014,0.441,3090,1977,0.768,1519,82,19780,Minnesota Timberwolves,1085,2031,447,2577,6902,0.468,3230,2227,0.778,1733,913,1717,8832,777,1707,0.374,639,3490,1183,5195,0.499,2591,1825,8288,10,592,1565,0.376,589,3641,1398,5449,0.459,2501,2011
DAL,DAL,1954,352,2618,6463,0.475,3069,1850,0.777,1437,82,19705,Dallas Mavericks,780,1689,303,2459,6656,0.45,2996,1830,0.75,1373,880,1650,7873,623,1480,0.343,508,3339,1114,5176,0.481,2488,1575,8220,11,557,1768,0.365,645,3398,1145,4695,0.516,2424,2011
MEM,MEM,1691,441,2391,6801,0.471,3200,1981,0.75,1486,82,19880,Memphis Grizzlies,970,1724,505,2387,6489,0.457,2967,1948,0.761,1482,905,1754,8003,613,1592,0.369,587,3292,1367,4897,0.486,2380,1705,8195,12,771,926,0.334,309,3361,1145,5875,0.492,2891,2011
IND,IND,1611,456,2657,6787,0.442,3003,2035,0.782,1592,82,19780,Indiana Pacers,914,1670,467,2618,6837,0.449,3071,2157,0.75,1618,931,1758,8271,615,1423,0.359,511,3549,1143,5414,0.473,2560,1782,8183,13,584,1653,0.354,585,3571,1262,5134,0.471,2418,2011
UTA,UTA,1921,484,2338,6590,0.465,3064,2061,0.771,1590,82,19880,Utah Jazz,898,1700,411,2426,6460,0.459,2967,2285,0.778,1777,925,1802,8303,609,1573,0.376,592,3351,1199,4887,0.486,2375,1865,8153,14,629,1256,0.346,435,3236,1175,5334,0.493,2629,2011
SAC,SAC,1675,391,2526,6979,0.449,3134,1981,0.734,1455,82,19855,Sacramento Kings,1071,1779,464,2508,6826,0.478,3260,2085,0.762,1589,868,1723,8589,666,1353,0.355,480,3376,1204,5473,0.508,2780,1805,8151,15,608,1277,0.335,428,3597,1324,5702,0.475,2706,2011
ORL,ORL,1636,384,2679,6411,0.461,2956,2101,0.692,1453,82,19830,Orlando Magic,864,1646,310,2450,6569,0.436,2865,1940,0.743,1441,805,1791,7687,606,1476,0.35,516,3255,1136,5093,0.461,2349,1640,8135,16,548,2103,0.366,770,3543,1224,4308,0.507,2186,2011
TOR,TOR,1795,350,2343,6755,0.465,3144,1976,0.755,1491,82,19780,Toronto Raptors,963,1854,456,2457,6668,0.482,3213,2175,0.769,1672,912,1620,8639,625,1438,0.376,541,3369,1141,5230,0.511,2672,1807,8124,17,581,1091,0.316,345,3306,1206,5664,0.494,2799,2011
PHI,PHI,1861,355,2578,6776,0.461,3125,1851,0.77,1426,82,19930,Philadelphia 76ers,850,1762,376,2608,6638,0.451,2996,1987,0.773,1536,881,1544,7996,583,1375,0.34,468,3489,1168,5263,0.48,2528,1592,8119,18,621,1248,0.355,443,3428,1063,5528,0.485,2682,2011
LAC,LAC,1813,402,2501,6594,0.457,3015,2187,0.707,1546,82,19855,Los Angeles Clippers,955,1827,404,2410,6688,0.455,3046,2167,0.771,1670,914,1811,8346,659,1598,0.365,584,3324,1125,5090,0.484,2462,1733,8089,19,585,1519,0.338,513,3456,1343,5075,0.493,2502,2011
CHI,CHI,1827,468,2654,6587,0.462,3042,2008,0.743,1492,82,19830,Chicago Bulls,967,1556,477,2322,6523,0.43,2805,1898,0.764,1450,828,1645,7487,568,1308,0.326,427,3150,1159,5215,0.456,2378,1639,8087,20,592,1415,0.361,511,3621,1161,5172,0.489,2531,2011
WAS,WAS,1592,502,2374,6888,0.443,3048,1999,0.745,1489,82,19930,Washington Wizards,1013,1898,413,2607,6741,0.471,3174,2202,0.761,1676,994,1662,8584,624,1500,0.373,560,3601,1293,5241,0.499,2614,1850,7977,21,665,1182,0.332,392,3387,1258,5706,0.465,2656,2011
DET,DET,1730,328,2236,6647,0.46,3056,1854,0.737,1367,82,19880,Detroit Pistons,931,1910,381,2470,6405,0.486,3110,1962,0.766,1503,866,1545,8246,568,1461,0.358,523,3336,1160,4944,0.523,2587,1629,7951,22,595,1256,0.376,472,3167,1067,5391,0.479,2584,2011
BOS,BOS,1921,344,2542,6219,0.486,3023,1895,0.77,1459,82,19780,Boston Celtics,639,1533,364,2387,6371,0.434,2768,1975,0.756,1494,862,1659,7473,574,1304,0.34,443,3249,1262,5067,0.459,2325,1678,7913,23,676,1119,0.365,408,3181,1195,5100,0.513,2615,2011
POR,POR,1736,358,2230,6599,0.447,2951,1835,0.804,1476,82,19805,Portland Trail Blazers,996,1573,339,2385,6218,0.467,2904,1869,0.767,1434,868,1743,7771,566,1440,0.367,529,3253,1286,4778,0.497,2375,1585,7896,24,660,1503,0.345,518,3226,1070,5096,0.477,2433,2011
CLE,CLE,1720,341,2449,6647,0.434,2886,2075,0.745,1546,82,19755,Cleveland Cavaliers,856,1984,489,2676,6804,0.475,3232,1894,0.759,1438,894,1747,8566,619,1614,0.411,664,3570,1111,5190,0.495,2568,1648,7827,25,544,1489,0.342,509,3305,1166,5158,0.461,2377,2011
ATL,ATL,1802,341,2460,6429,0.462,2971,1728,0.779,1346,82,19730,Atlanta Hawks,762,1751,348,2488,6537,0.46,3009,1782,0.774,1380,839,1517,7857,548,1358,0.338,459,3327,1026,5179,0.492,2550,1554,7790,26,497,1427,0.352,502,3222,1118,5002,0.494,2469,2011
NOH,NOH,1691,359,2468,6416,0.459,2944,1897,0.765,1452,82,19830,New Orleans Hornets,824,1739,396,2457,6306,0.457,2882,1805,0.77,1390,769,1674,7711,497,1562,0.357,557,3226,1192,4744,0.49,2325,1719,7784,27,624,1232,0.36,444,3292,1069,5184,0.482,2500,2011
NJN,NJN,1723,384,2440,6638,0.44,2918,1881,0.759,1427,82,20005,New Jersey Nets,909,1824,375,2575,6602,0.465,3069,2115,0.751,1589,849,1638,8234,561,1393,0.364,507,3424,1010,5209,0.492,2562,1807,7722,28,458,1337,0.343,459,3349,1152,5301,0.464,2459,2011
CHA,CHA,1728,433,2444,6365,0.451,2873,1999,0.756,1511,82,19805,Charlotte Bobcats,848,1777,496,2446,6492,0.455,2956,1908,0.78,1489,804,1730,7978,601,1609,0.359,577,3250,1082,4883,0.487,2379,1637,7650,29,524,1203,0.327,393,3292,1192,5162,0.48,2480,2011
MIL,MIL,1545,399,2480,6544,0.43,2814,1881,0.757,1423,82,19830,Milwaukee Bucks,862,1657,392,2629,6342,0.447,2834,1946,0.77,1498,836,1694,7603,507,1309,0.334,437,3465,1245,5033,0.476,2397,1682,7534,30,617,1414,0.342,483,3342,1103,5130,0.454,2331,2011
DEN,DEN,1581,330,2105,5404,0.476,2572,1760,0.735,1293,66,16040,Denver Nuggets,738,1528,439,1928,5569,0.456,2541,1356,0.759,1029,730,1452,6682,524,1489,0.383,571,2658,1028,4080,0.483,1970,1297,6872,1,540,1311,0.332,435,2843,1015,4093,0.522,2137,2012
SAS,SAS,1528,293,2153,5463,0.478,2611,1427,0.748,1067,66,15940,San Antonio Spurs,683,1291,330,2039,5560,0.452,2512,1233,0.756,932,680,1244,6368,489,1166,0.353,412,2719,906,4394,0.478,2100,1143,6841,2,490,1405,0.393,552,2836,895,4058,0.507,2059,2012
OKC,OKC,1224,539,2157,5229,0.471,2462,1744,0.806,1406,66,15990,Oklahoma City Thunder,726,1312,321,1889,5629,0.427,2405,1519,0.768,1167,835,1322,6398,542,1231,0.342,421,2724,937,4398,0.451,1984,1352,6802,3,498,1317,0.358,472,2883,1079,3912,0.509,1990,2012
UTA,UTA,1439,385,2055,5531,0.456,2523,1668,0.754,1258,66,16165,Utah Jazz,861,1355,375,1988,5310,0.453,2403,1727,0.754,1302,728,1366,6536,494,1259,0.34,428,2716,968,4051,0.488,1975,1441,6577,4,545,845,0.323,273,2916,936,4686,0.48,2250,2012
MIL,MIL,1550,335,1983,5652,0.443,2502,1415,0.774,1095,66,15865,Milwaukee Bucks,820,1433,297,2138,5453,0.449,2449,1535,0.769,1181,813,1278,6517,499,1247,0.351,438,2951,1049,4206,0.478,2011,1273,6535,5,548,1265,0.345,436,2803,929,4387,0.471,2066,2012
SAC,SAC,1271,323,1947,5712,0.436,2490,1532,0.736,1127,66,15915,Sacramento Kings,882,1571,423,2154,5609,0.476,2668,1468,0.762,1118,815,1313,6893,518,1236,0.355,439,2969,1014,4373,0.51,2229,1287,6518,6,561,1301,0.316,411,2829,952,4411,0.471,2079,2012
MIA,MIA,1317,355,2060,5212,0.469,2446,1598,0.775,1238,66,16040,Miami Heat,686,1297,280,1897,5267,0.434,2285,1457,0.725,1056,727,1356,6105,549,1318,0.363,479,2624,1107,3949,0.457,1806,1282,6500,7,585,1030,0.359,370,2746,1002,4182,0.496,2076,2012
PHO,PHO,1486,366,2035,5445,0.458,2495,1397,0.757,1058,66,15840,Phoenix Suns,717,1416,288,2064,5510,0.455,2505,1444,0.762,1100,802,1293,6508,526,1131,0.352,398,2866,929,4379,0.481,2107,1233,6492,8,431,1295,0.343,444,2752,928,4150,0.494,2051,2012
HOU,HOU,1404,319,2014,5543,0.449,2489,1301,0.782,1018,66,16065,Houston Rockets,769,1321,340,2027,5427,0.456,2474,1490,0.766,1142,729,1215,6459,495,1136,0.325,369,2756,972,4291,0.491,2105,1347,6474,9,496,1330,0.359,478,2783,955,4213,0.477,2011,2012
MIN,MIN,1290,293,2089,5434,0.433,2355,1662,0.771,1281,66,15940,Minnesota Timberwolves,797,1422,377,2096,5656,0.455,2572,1402,0.755,1059,771,1435,6609,549,1195,0.34,406,2867,875,4461,0.486,2166,1212,6464,10,436,1423,0.332,473,2886,1001,4011,0.469,1882,2012
NYK,NYK,1328,276,2012,5335,0.443,2365,1634,0.741,1211,66,15940,New York Knicks,743,1248,334,2045,5238,0.442,2316,1590,0.736,1171,717,1437,6247,536,1238,0.359,444,2762,1125,4000,0.468,1872,1391,6458,11,622,1538,0.336,517,2755,1056,3797,0.487,1848,2012
GSW,GSW,1470,362,1947,5443,0.457,2489,1235,0.77,951,66,15915,Golden State Warriors,640,1527,328,2157,5431,0.453,2461,1725,0.747,1288,869,1095,6678,499,1281,0.365,468,3026,978,4150,0.48,1993,1410,6453,12,528,1351,0.388,524,2587,915,4092,0.48,1965,2012
IND,IND,1228,357,2070,5375,0.438,2354,1724,0.782,1349,66,15990,Indiana Pacers,826,1292,398,1998,5304,0.435,2305,1617,0.729,1179,794,1428,6231,433,1259,0.351,442,2792,985,4045,0.461,1863,1430,6449,13,523,1064,0.368,392,2896,925,4311,0.455,1962,2012
LAC,LAC,1385,315,1943,5366,0.455,2439,1538,0.68,1046,66,15965,Los Angeles Clippers,800,1368,296,1914,5098,0.447,2279,1678,0.746,1251,712,1401,6269,396,1261,0.365,460,2626,966,3837,0.474,1819,1399,6438,14,556,1441,0.357,514,2743,879,3925,0.49,1925,2012
LAL,LAL,1485,351,2251,5319,0.457,2429,1589,0.756,1202,66,16065,Los Angeles Lakers,799,1446,302,1946,5703,0.437,2492,1215,0.742,901,758,1332,6328,556,1274,0.348,443,2704,745,4429,0.463,2049,1109,6422,15,390,1112,0.326,362,3050,997,4207,0.491,2067,2012
POR,POR,1349,322,1949,5417,0.443,2402,1423,0.796,1133,66,15965,Portland Trail Blazers,735,1392,314,2062,5349,0.463,2476,1421,0.747,1062,730,1306,6456,499,1217,0.363,442,2792,982,4132,0.492,2034,1251,6415,16,528,1382,0.346,478,2684,935,4035,0.477,1924,2012
ATL,ATL,1481,303,2066,5348,0.454,2429,1385,0.74,1025,66,16165,Atlanta Hawks,652,1354,313,2079,5366,0.444,2380,1324,0.753,997,712,1263,6148,494,1137,0.344,391,2791,999,4229,0.47,1989,1178,6375,17,536,1330,0.37,492,2718,921,4018,0.482,1937,2012
CHI,CHI,1527,388,2165,5462,0.452,2467,1394,0.722,1006,66,15940,Chicago Bulls,915,1245,343,1889,5420,0.421,2284,1279,0.74,946,750,1166,5819,490,939,0.325,305,2639,876,4481,0.442,1979,1139,6359,18,456,1117,0.375,419,3080,923,4345,0.471,2048,2012
DAL,DAL,1380,337,2157,5412,0.443,2398,1334,0.771,1029,66,16065,Dallas Mavericks,665,1351,265,2173,5390,0.435,2347,1456,0.75,1092,725,1213,6259,561,1368,0.346,473,2898,971,4022,0.466,1874,1226,6322,19,565,1464,0.339,497,2822,926,3948,0.482,1901,2012
MEM,MEM,1290,345,1944,5422,0.447,2425,1504,0.759,1142,66,15940,Memphis Grizzlies,831,1274,363,1954,5132,0.444,2278,1522,0.764,1163,729,1275,6136,518,1209,0.345,417,2683,1130,3923,0.474,1861,1316,6269,20,631,849,0.326,277,2775,955,4573,0.47,2148,2012
ORL,ORL,1321,275,2060,5162,0.441,2275,1508,0.66,995,66,15965,Orlando Magic,742,1350,273,2061,5287,0.449,2372,1302,0.772,1005,667,1308,6163,495,1192,0.347,414,2728,867,4095,0.478,1958,1168,6215,21,451,1785,0.375,670,2802,984,3377,0.475,1605,2012
WAS,WAS,1262,417,1975,5475,0.441,2414,1386,0.727,1008,66,15865,Washington Wizards,775,1420,300,2062,5352,0.453,2422,1618,0.758,1227,811,1231,6497,520,1216,0.35,426,2873,1004,4136,0.483,1996,1405,6180,22,527,1075,0.32,344,2750,1008,4400,0.47,2070,2012
PHI,PHI,1453,340,2144,5516,0.448,2471,1198,0.742,889,66,15915,Philadelphia 76ers,704,1293,316,2181,5302,0.427,2263,1352,0.752,1017,706,1070,5900,391,1070,0.334,357,2887,918,4232,0.45,1906,1157,6180,23,526,963,0.362,349,2848,738,4553,0.466,2122,2012
NJN,NJN,1311,260,1879,5320,0.425,2262,1433,0.777,1113,66,15890,New Jersey Nets,783,1539,330,2032,5294,0.472,2501,1494,0.74,1106,780,1274,6539,525,1151,0.374,431,2812,943,4143,0.5,2070,1268,6144,24,493,1481,0.342,507,2662,995,3839,0.457,1755,2012
CLE,CLE,1308,262,1949,5360,0.422,2261,1645,0.716,1178,66,15965,Cleveland Cavaliers,841,1527,409,2073,5431,0.467,2536,1464,0.748,1095,752,1381,6615,524,1236,0.362,448,2825,917,4195,0.498,2088,1317,6140,25,466,1273,0.346,440,2790,1017,4087,0.446,1821,2012
BOS,BOS,1557,362,2051,5086,0.46,2341,1308,0.778,1017,66,15940,Boston Celtics,509,1233,304,2070,5262,0.419,2207,1498,0.76,1138,781,1217,5896,515,1117,0.308,344,2851,1035,4145,0.449,1863,1315,6062,26,498,988,0.367,363,2560,979,4098,0.483,1978,2012
DET,DET,1232,278,1882,5232,0.438,2291,1461,0.752,1098,66,15965,Detroit Pistons,775,1485,348,1985,5147,0.462,2378,1518,0.765,1162,703,1283,6313,563,1114,0.355,395,2688,959,4033,0.492,1983,1293,5997,27,460,916,0.346,317,2657,1033,4316,0.457,1974,2012
TOR,TOR,1382,321,2074,5154,0.44,2268,1410,0.77,1085,66,15965,Toronto Raptors,697,1327,322,1997,5130,0.435,2234,1795,0.744,1335,677,1214,6204,478,1224,0.328,401,2674,870,3906,0.469,1833,1532,5986,28,429,1075,0.34,365,2771,1001,4079,0.467,1903,2012
NOH,NOH,1368,316,1991,5103,0.451,2300,1397,0.757,1057,66,15940,New Orleans Hornets,724,1379,380,1910,5188,0.444,2305,1487,0.759,1129,731,1235,6164,523,1342,0.317,425,2641,915,3846,0.489,1880,1324,5916,29,488,777,0.333,259,2715,1024,4326,0.472,2041,2012
CHA,CHA,1326,361,1894,5293,0.414,2193,1462,0.746,1090,66,15890,Charlotte Bobcats,677,1537,378,2193,5411,0.475,2568,1486,0.75,1115,778,1341,6657,499,1142,0.356,406,2971,890,4269,0.506,2162,1249,5739,30,397,892,0.295,263,2571,957,4401,0.439,1930,2012
DEN,DEN,2002,533,2601,6983,0.478,3339,2148,0.701,1505,82,19905,Denver Nuggets,1092,1936,554,2391,7025,0.444,3121,1858,0.731,1358,1020,1775,8287,658,1894,0.363,687,3411,1305,5131,0.474,2434,1682,8704,1,762,1518,0.343,521,3693,1253,5465,0.516,2818,2013
HOU,HOU,1902,359,2652,6782,0.461,3124,2087,0.754,1573,82,19780,Houston Rockets,909,1858,498,2539,7007,0.454,3184,1771,0.776,1374,876,1674,8403,693,1798,0.368,661,3415,1210,5209,0.484,2523,1662,8688,2,679,2369,0.366,867,3561,1348,4413,0.511,2257,2013
OKC,OKC,1753,624,2725,6504,0.481,3126,2196,0.828,1819,82,19830,Oklahoma City Thunder,854,1681,322,2350,6972,0.425,2966,1773,0.774,1372,987,1698,7914,673,1761,0.346,610,3337,1212,5211,0.452,2356,1654,8669,3,679,1588,0.377,598,3579,1253,4916,0.514,2528,2013
SAS,SAS,2058,446,2721,6675,0.481,3210,1725,0.791,1365,82,19880,San Antonio Spurs,666,1756,405,2577,6960,0.442,3079,1639,0.76,1246,912,1565,7923,675,1471,0.353,519,3489,1221,5489,0.466,2560,1427,8448,4,695,1764,0.376,663,3387,1206,4911,0.519,2547,2013
MIA,MIA,1890,441,2490,6348,0.496,3148,1887,0.754,1423,82,19880,Miami Heat,676,1655,262,2369,6633,0.44,2919,1735,0.766,1329,921,1673,7791,649,1783,0.35,624,3290,1280,4850,0.473,2295,1533,8436,5,710,1809,0.396,717,3166,1143,4539,0.536,2431,2013
LAL,LAL,1818,429,2732,6640,0.458,3041,2289,0.692,1584,82,19755,Los Angeles Lakers,942,1918,396,2551,7180,0.453,3253,1594,0.732,1167,947,1891,8286,696,1718,0.357,613,3498,1061,5462,0.483,2640,1467,8381,6,576,2015,0.355,715,3674,1232,4625,0.503,2326,2013
GSW,GSW,1845,346,2801,6840,0.458,3130,1744,0.79,1378,82,19805,Golden State Warriors,885,1931,399,2596,6954,0.439,3051,1958,0.748,1464,907,1571,8223,670,1896,0.347,657,3503,1110,5058,0.473,2394,1753,8296,7,567,1632,0.403,658,3686,1236,5208,0.475,2472,2013
DAL,DAL,1906,454,2670,6892,0.462,3182,1669,0.793,1323,82,19980,Dallas Mavericks,767,1805,340,2752,6890,0.445,3067,2079,0.753,1566,985,1547,8342,698,1789,0.359,642,3737,1202,5101,0.475,2425,1698,8293,8,648,1628,0.372,606,3437,1144,5264,0.489,2576,2013
LAC,LAC,1958,461,2475,6608,0.478,3160,1888,0.711,1342,82,19730,Los Angeles Clippers,938,1812,335,2315,6397,0.443,2834,1956,0.749,1465,891,1712,7760,606,1682,0.373,627,3206,1319,4715,0.468,2207,1716,8289,9,784,1752,0.358,627,3413,1197,4856,0.522,2533,2013
SAC,SAC,1708,342,2385,6904,0.447,3086,1869,0.769,1437,82,19830,Sacramento Kings,943,2058,517,2601,6831,0.472,3222,1980,0.783,1550,973,1636,8619,624,1762,0.355,625,3574,1208,5069,0.512,2597,1717,8219,10,671,1681,0.363,610,3328,1199,5223,0.474,2476,2013
NYK,NYK,1579,294,2436,6689,0.448,2996,1729,0.759,1313,82,19730,New York Knicks,890,1580,327,2591,6365,0.458,2916,1821,0.757,1378,824,1576,7849,523,1789,0.357,639,3415,1242,4576,0.498,2277,1650,8196,11,672,2371,0.376,891,3326,988,4318,0.487,2105,2013
MIL,MIL,1876,550,2537,7197,0.435,3128,1700,0.736,1251,82,19830,Milwaukee Bucks,1068,1893,362,2757,6946,0.454,3152,1841,0.759,1398,1019,1567,8231,658,1519,0.348,529,3776,1310,5427,0.483,2623,1554,8108,12,685,1670,0.36,601,3605,1156,5527,0.457,2527,2013
UTA,UTA,1859,515,2457,6710,0.454,3046,1883,0.764,1439,82,19880,Utah Jazz,989,1689,480,2446,6550,0.458,3003,1953,0.757,1479,901,1670,8045,640,1513,0.37,560,3347,1206,5037,0.485,2443,1750,8038,13,690,1385,0.366,507,3446,1210,5325,0.477,2539,2013
ATL,ATL,2007,369,2593,6644,0.464,3084,1619,0.715,1158,82,19855,Atlanta Hawks,758,1825,350,2659,6823,0.45,3073,1617,0.763,1233,928,1543,7999,689,1635,0.379,620,3587,1249,5188,0.473,2453,1473,8032,14,664,1901,0.371,706,3351,1219,4743,0.501,2378,2013
POR,POR,1784,353,2474,6715,0.448,3009,1680,0.776,1304,82,19855,Portland Trail Blazers,874,1944,359,2578,6807,0.474,3224,1690,0.761,1286,901,1537,8255,691,1531,0.34,521,3479,1074,5276,0.512,2703,1518,7995,15,538,1904,0.353,673,3348,1203,4811,0.486,2336,2013
TOR,TOR,1765,392,2426,6685,0.446,2979,1831,0.788,1442,82,19980,Toronto Raptors,871,1796,387,2544,6493,0.458,2971,2148,0.747,1604,877,1650,8092,578,1511,0.361,546,3421,1169,4982,0.487,2425,1836,7971,16,595,1665,0.343,571,3297,1124,5020,0.48,2408,2013
BRK,BRK,1668,391,2460,6544,0.45,2942,1958,0.731,1432,82,19855,Brooklyn Nets,1047,1756,390,2336,6614,0.464,3066,1571,0.731,1148,878,1751,7798,614,1415,0.366,518,3214,1102,5199,0.49,2548,1500,7944,17,599,1760,0.357,628,3507,1206,4784,0.484,2314,2013
CLE,CLE,1694,334,2359,6901,0.434,2993,1826,0.756,1380,82,19730,Cleveland Cavaliers,1004,1963,560,2563,6527,0.476,3109,1987,0.739,1469,889,1615,8297,624,1639,0.372,610,3452,1249,4888,0.511,2499,1737,7913,18,647,1581,0.346,547,3363,1149,5320,0.46,2446,2013
MIN,MIN,1836,387,2473,6702,0.439,2943,2042,0.742,1515,82,19730,Minnesota Timberwolves,973,1832,481,2583,6657,0.468,3113,1652,0.752,1243,871,1847,8045,661,1559,0.369,576,3454,1302,5098,0.498,2537,1509,7851,19,700,1475,0.305,450,3446,1214,5227,0.477,2493,2013
BOS,BOS,1843,365,2533,6459,0.465,3001,1698,0.776,1318,81,19840,Boston Celtics,654,1752,378,2603,6639,0.441,2926,1937,0.74,1434,925,1574,7836,634,1610,0.342,550,3528,1239,5029,0.472,2376,1717,7818,20,667,1390,0.358,498,3187,1181,5069,0.494,2503,2013
PHO,PHO,1855,434,2454,6917,0.443,3061,1618,0.744,1203,82,19805,Phoenix Suns,959,1870,421,2598,6771,0.47,3181,1855,0.757,1405,958,1511,8335,684,1464,0.388,568,3556,1258,5307,0.492,2613,1688,7805,21,659,1455,0.33,480,3413,1278,5462,0.473,2581,2013
DET,DET,1742,400,2463,6638,0.449,2979,1870,0.699,1307,82,19805,Detroit Pistons,991,1837,472,2514,6655,0.459,3056,1823,0.762,1389,911,1630,8105,691,1676,0.36,604,3425,1126,4979,0.492,2452,1623,7778,22,574,1440,0.356,513,3454,1241,5198,0.474,2466,2013
ORL,ORL,1871,358,2612,6904,0.448,3093,1359,0.755,1026,82,19780,Orlando Magic,890,1946,430,2618,6842,0.463,3169,1811,0.738,1336,888,1353,8291,592,1721,0.359,617,3506,1020,5121,0.498,2552,1591,7718,23,528,1537,0.329,506,3502,1191,5367,0.482,2587,2013
NOH,NOH,1721,440,2426,6589,0.448,2955,1636,0.776,1269,82,19780,New Orleans Hornets,988,1915,492,2391,6435,0.471,3030,1764,0.759,1339,835,1534,8031,648,1688,0.374,632,3226,1086,4747,0.505,2398,1673,7714,24,520,1474,0.363,535,3414,1193,5115,0.473,2420,2013
IND,IND,1645,513,2671,6525,0.436,2845,1915,0.746,1429,81,19590,Indiana Pacers,1043,1555,459,2401,6657,0.42,2797,1728,0.76,1314,909,1777,7348,611,1344,0.327,440,3310,1096,5313,0.444,2357,1623,7674,25,580,1599,0.347,555,3714,1227,4926,0.465,2290,2013
CHA,CHA,1587,479,2389,6649,0.425,2823,2060,0.75,1546,82,19805,Charlotte Bobcats,917,2071,565,2645,6762,0.471,3185,1784,0.747,1332,971,1746,8418,569,1847,0.388,716,3616,1152,4915,0.502,2469,1561,7661,26,591,1399,0.335,469,3306,1153,5250,0.448,2354,2013
MEM,MEM,1715,436,2445,6679,0.444,2964,1746,0.773,1349,82,19805,Memphis Grizzlies,1059,1599,450,2359,6312,0.435,2748,1763,0.748,1319,845,1643,7319,600,1489,0.338,504,3204,1268,4823,0.465,2244,1660,7659,27,703,1107,0.345,382,3504,1144,5572,0.463,2582,2013
WAS,WAS,1775,376,2652,6693,0.435,2910,1746,0.733,1279,82,19855,Washington Wizards,887,1767,358,2719,6697,0.44,2944,1867,0.738,1378,903,1569,7852,639,1680,0.349,586,3622,1193,5017,0.47,2358,1681,7644,28,598,1495,0.365,545,3539,1238,5198,0.455,2365,2013
CHI,CHI,1886,417,2514,6698,0.437,2926,1738,0.773,1343,82,19830,Chicago Bulls,1026,1545,477,2469,6565,0.443,2906,1826,0.739,1350,901,1609,7615,600,1309,0.346,453,3370,1123,5256,0.467,2453,1617,7641,29,588,1265,0.353,446,3540,1171,5433,0.456,2480,2013
PHI,PHI,1867,384,2493,6895,0.444,3059,1377,0.729,1004,82,19755,Philadelphia 76ers,896,1870,396,2704,6643,0.454,3017,1752,0.76,1331,903,1331,7914,590,1574,0.349,549,3607,1175,5069,0.487,2468,1505,7640,30,609,1438,0.36,518,3389,1070,5457,0.466,2541,2013
LAC,LAC,2016,397,2668,6761,0.474,3208,2384,0.73,1741,82,19755,Los Angeles Clippers,858,1908,284,2575,6958,0.441,3068,2049,0.755,1547,1011,1919,8278,570,1791,0.332,595,3586,1261,5167,0.479,2473,1767,8850,1,703,1966,0.352,693,3526,1136,4795,0.525,2515,2014
HOU,HOU,1755,461,2797,6603,0.472,3118,2549,0.712,1814,82,19830,Houston Rockets,920,1821,460,2439,7218,0.443,3197,1844,0.757,1395,977,1993,8455,704,1889,0.353,666,3416,1149,5329,0.475,2531,1676,8829,2,621,2179,0.358,779,3717,1323,4424,0.529,2339,2014
MIN,MIN,1963,297,2644,7175,0.444,3189,2301,0.778,1790,82,19855,Minnesota Timberwolves,1024,1875,457,2717,7048,0.471,3321,1645,0.756,1244,908,1936,8549,644,1820,0.364,663,3625,1346,5228,0.508,2658,1504,8768,3,718,1757,0.341,600,3668,1142,5418,0.478,2589,2014
POR,POR,1904,387,2786,7134,0.45,3207,1926,0.815,1569,82,19855,Portland Trail Blazers,1022,1675,304,2622,7203,0.451,3248,1822,0.766,1396,944,1698,8426,639,1504,0.355,534,3566,985,5699,0.476,2714,1576,8753,4,454,2071,0.372,770,3808,1125,5063,0.481,2437,2014
OKC,OKC,1794,501,2781,6782,0.471,3194,2052,0.806,1653,82,19805,Oklahoma City Thunder,887,1785,296,2456,6842,0.436,2984,2080,0.727,1512,900,1672,8185,669,1968,0.358,705,3356,1248,4874,0.468,2279,1858,8705,5,678,1839,0.361,664,3668,1256,4943,0.512,2530,2014
SAS,SAS,2064,420,2786,6844,0.486,3326,1642,0.785,1289,82,19755,San Antonio Spurs,762,1669,379,2600,6976,0.444,3096,1691,0.76,1285,862,1585,8006,628,1500,0.353,529,3462,1137,5476,0.469,2567,1495,8639,6,604,1757,0.397,698,3548,1180,5087,0.517,2628,2014
PHO,PHO,1563,374,2601,6845,0.463,3172,2004,0.758,1520,82,19755,Phoenix Suns,928,1664,332,2586,6840,0.456,3118,2115,0.766,1621,926,1749,8413,613,1632,0.341,556,3512,1258,5208,0.492,2562,1798,8629,7,688,2055,0.372,765,3529,1258,4790,0.503,2407,2014
DAL,DAL,1935,356,2514,6858,0.474,3249,1733,0.795,1378,82,19830,Dallas Mavericks,840,1808,288,2569,6673,0.464,3096,2019,0.758,1530,943,1633,8400,635,1888,0.359,678,3512,1312,4785,0.505,2418,1636,8597,8,704,1877,0.384,721,3354,1110,4981,0.508,2528,2014
DEN,DEN,1838,459,2717,7042,0.447,3147,2154,0.726,1563,82,19755,Denver Nuggets,1009,1843,459,2665,7086,0.457,3238,2168,0.763,1654,930,1778,8735,694,1724,0.351,605,3595,1178,5362,0.491,2633,1890,8559,9,615,1959,0.358,702,3726,1305,5083,0.481,2445,2014
GSW,GSW,1912,407,2819,7005,0.462,3236,1731,0.753,1303,82,19830,Golden State Warriors,896,1683,342,2671,6920,0.436,3019,2023,0.765,1548,878,1584,8155,649,1656,0.344,569,3549,1232,5264,0.465,2450,1784,8549,10,642,2037,0.38,774,3715,1247,4968,0.496,2462,2014
LAL,LAL,2006,446,2620,6980,0.45,3139,1835,0.757,1390,82,19705,Los Angeles Lakers,745,2112,387,2950,7350,0.468,3440,1942,0.727,1412,1068,1580,8958,790,1843,0.361,666,4018,1164,5507,0.504,2774,1627,8442,11,611,2032,0.381,774,3365,1239,4948,0.478,2365,2014
MIA,MIA,1847,367,2397,6272,0.501,3142,1884,0.76,1431,82,19880,Miami Heat,627,1751,256,2420,6475,0.457,2961,1832,0.75,1374,886,1675,7990,667,1917,0.362,694,3306,1369,4558,0.497,2267,1596,8380,12,732,1829,0.364,665,3024,1212,4443,0.558,2477,2014
TOR,TOR,1737,343,2552,6718,0.445,2992,2055,0.782,1608,82,19955,Toronto Raptors,935,1719,352,2505,6573,0.45,2957,2071,0.752,1557,854,1815,8039,596,1578,0.36,568,3359,1224,4995,0.478,2389,1882,8305,13,577,1917,0.372,713,3487,1159,4801,0.475,2279,2014
DET,DET,1714,395,2525,7124,0.447,3182,2111,0.67,1415,82,19780,Detroit Pistons,1196,2001,403,2612,6820,0.47,3208,1967,0.756,1487,913,1699,8586,670,1872,0.365,683,3525,1230,4948,0.51,2525,1666,8286,14,687,1580,0.321,507,3721,1193,5544,0.483,2675,2014
ATL,ATL,2041,326,2565,6688,0.458,3061,1782,0.781,1392,82,19830,Atlanta Hawks,713,1901,354,2688,6843,0.462,3163,1793,0.748,1341,882,1643,8321,672,1793,0.365,654,3570,1247,5050,0.497,2509,1577,8282,15,680,2116,0.363,768,3278,1251,4572,0.502,2293,2014
WAS,WAS,1909,377,2573,6920,0.459,3177,1715,0.731,1253,82,20055,Washington Wizards,886,1824,320,2633,6632,0.458,3038,1912,0.765,1462,827,1600,8150,631,1763,0.347,612,3460,1314,4869,0.498,2426,1675,8254,16,668,1704,0.38,647,3459,1204,5216,0.485,2530,2014
SAC,SAC,1547,318,2656,6766,0.447,3026,2237,0.759,1698,82,19830,Sacramento Kings,990,1927,459,2568,6734,0.461,3103,2139,0.737,1577,813,1897,8479,637,1833,0.38,696,3381,1116,4901,0.491,2407,1849,8241,17,587,1475,0.333,491,3646,1249,5291,0.479,2535,2014
NOP,NOP,1745,523,2486,6761,0.459,3101,1936,0.769,1489,82,19855,New Orleans Pelicans,933,1845,504,2538,6567,0.465,3055,2176,0.752,1637,881,1664,8399,577,1827,0.357,652,3419,1185,4740,0.507,2403,1857,8177,18,647,1303,0.373,486,3419,1129,5458,0.479,2615,2014
PHI,PHI,1791,330,2556,7150,0.435,3108,1918,0.71,1362,82,19855,Philadelphia 76ers,949,2144,558,2871,6975,0.471,3284,2261,0.754,1705,976,1686,9012,736,1998,0.37,739,3847,1391,4977,0.511,2545,1844,8155,19,765,1847,0.312,577,3505,1384,5303,0.477,2531,2014
NYK,NYK,1641,367,2437,6739,0.449,3027,1670,0.761,1271,82,19855,New York Knicks,870,1618,277,2600,6401,0.458,2934,2050,0.765,1568,843,1611,8149,513,1921,0.371,713,3443,1193,4480,0.496,2221,1815,8084,20,631,2038,0.372,759,3307,1063,4701,0.482,2268,2014
BRK,BRK,1714,311,2407,6391,0.459,2931,2002,0.753,1508,82,19880,Brooklyn Nets,721,1723,337,2594,6511,0.458,2980,2026,0.76,1539,921,1704,8161,608,1802,0.367,662,3515,1296,4709,0.492,2318,1777,8079,21,705,1922,0.369,709,3128,1191,4469,0.497,2222,2014
CLE,CLE,1738,304,2629,6955,0.437,3036,1861,0.751,1398,82,19930,Cleveland Cavaliers,989,2037,461,2648,6847,0.452,3097,1803,0.757,1365,841,1599,8324,587,2083,0.367,765,3489,1144,4764,0.49,2332,1640,8054,22,579,1640,0.356,584,3618,1163,5315,0.461,2452,2014
CHA,CHA,1778,421,2724,6730,0.442,2976,2000,0.737,1474,82,19905,Charlotte Bobcats,776,1718,415,2766,6838,0.442,3022,1649,0.759,1251,785,1716,7960,514,1800,0.369,665,3551,1090,5038,0.468,2357,1493,7942,23,499,1471,0.351,516,3500,1010,5259,0.468,2460,2014
IND,IND,1651,446,2831,6573,0.449,2949,1907,0.779,1485,82,19780,Indiana Pacers,834,1525,378,2521,6785,0.42,2850,1768,0.755,1334,855,1793,7572,593,1561,0.345,538,3376,1120,5224,0.443,2312,1675,7933,24,550,1542,0.357,550,3665,1237,5031,0.477,2399,2014
ORL,ORL,1726,350,2654,6784,0.445,3022,1714,0.763,1307,82,19955,Orlando Magic,794,1848,445,2746,6861,0.456,3126,1881,0.77,1449,859,1500,8360,581,1778,0.371,659,3605,1146,5083,0.485,2467,1678,7914,25,630,1596,0.353,563,3448,1222,5188,0.474,2459,2014
BOS,BOS,1726,343,2505,6883,0.435,2996,1706,0.777,1325,82,19730,Boston Celtics,980,1813,373,2596,6675,0.465,3101,1993,0.761,1517,871,1564,8258,609,1553,0.347,539,3467,1168,5122,0.5,2562,1743,7892,26,584,1729,0.333,575,3485,1261,5154,0.47,2421,2014
MEM,MEM,1792,375,2526,6723,0.464,3122,1666,0.741,1235,82,19805,Memphis Grizzlies,950,1632,410,2403,6500,0.45,2924,1686,0.766,1292,809,1553,7755,591,1731,0.355,615,3212,1162,4769,0.484,2309,1568,7884,27,631,1147,0.353,405,3476,1124,5576,0.487,2717,2014
MIL,MIL,1760,403,2399,6737,0.438,2952,1843,0.747,1377,82,19880,Milwaukee Bucks,971,1870,413,2608,6722,0.468,3146,2011,0.751,1511,961,1690,8500,640,1826,0.382,697,3569,1158,4896,0.5,2449,1713,7829,28,541,1553,0.353,548,3370,1238,5184,0.464,2404,2014
UTA,UTA,1664,366,2477,6652,0.444,2951,1803,0.747,1346,82,19780,Utah Jazz,904,1788,401,2640,6639,0.473,3138,1945,0.773,1504,846,1673,8379,617,1591,0.376,599,3486,1034,5048,0.503,2539,1699,7791,29,570,1577,0.344,543,3381,1200,5075,0.474,2408,2014
CHI,CHI,1860,424,2683,6577,0.432,2843,1908,0.779,1486,82,19930,Chicago Bulls,937,1604,490,2508,6660,0.43,2867,1668,0.753,1256,876,1714,7528,621,1532,0.351,538,3384,1178,5128,0.454,2329,1565,7680,30,594,1459,0.348,508,3620,1223,5118,0.456,2335,2014
GSW,GSW,2248,496,2814,7137,0.478,3410,1709,0.768,1313,82,19730,Golden State Warriors,853,1718,293,2690,7084,0.428,3031,2011,0.763,1534,963,1541,8188,680,1757,0.337,592,3653,1329,5327,0.458,2439,1628,9016,1,762,2217,0.398,883,3667,1185,4920,0.514,2527,2015
LAC,LAC,2031,409,2711,6830,0.473,3228,2067,0.71,1468,82,19730,Los Angeles Clippers,784,1904,245,2649,6745,0.442,2984,2105,0.741,1560,868,1766,8211,548,1959,0.349,683,3517,1171,4786,0.481,2301,1749,8751,2,640,2202,0.376,827,3495,1012,4628,0.519,2401,2015
DAL,DAL,1846,371,2608,7036,0.463,3255,1843,0.752,1386,82,19880,Dallas Mavericks,858,1830,314,2778,6930,0.45,3117,1879,0.753,1415,1006,1816,8390,602,2034,0.364,741,3784,1339,4896,0.485,2376,1644,8628,3,663,2082,0.352,732,3466,1062,4954,0.509,2523,2015
TOR,TOR,1701,357,2526,6829,0.455,3108,2014,0.787,1585,82,19855,Toronto Raptors,881,1870,413,2559,6787,0.459,3116,1923,0.733,1410,922,1668,8275,567,1828,0.346,633,3481,1182,4959,0.501,2483,1712,8527,4,615,2060,0.352,726,3407,1057,4769,0.499,2382,2015
OKC,OKC,1681,454,2844,7119,0.447,3184,2020,0.754,1524,82,19830,Oklahoma City Thunder,1052,1815,377,2587,7008,0.44,3085,2005,0.745,1494,917,1675,8345,642,1984,0.343,681,3504,1118,5024,0.479,2404,1829,8524,5,598,1864,0.339,632,3896,1205,5255,0.486,2552,2015
HOU,HOU,1820,407,2624,6832,0.444,3032,2133,0.715,1525,82,19805,Houston Rockets,958,1752,437,2621,6983,0.443,3092,1932,0.751,1451,973,1730,8240,726,1881,0.322,605,3594,1342,5102,0.487,2487,1803,8522,6,777,2680,0.348,933,3582,1366,4152,0.506,2099,2015
SAS,SAS,2000,444,2772,6854,0.468,3208,1754,0.78,1368,82,19955,San Antonio Spurs,806,1699,362,2643,6861,0.444,3044,1754,0.745,1307,813,1613,7953,648,1550,0.36,558,3456,1167,5311,0.468,2486,1564,8461,7,657,1847,0.367,677,3578,1146,5007,0.505,2531,2015
CLE,CLE,1814,340,2612,6739,0.458,3089,1934,0.751,1453,82,19780,Cleveland Cavaliers,911,1974,368,2487,6850,0.456,3121,1629,0.745,1214,885,1685,8090,642,1848,0.343,634,3372,1092,5002,0.497,2487,1510,8457,8,603,2253,0.367,826,3523,1171,4486,0.504,2263,2015
POR,POR,1799,372,2881,7049,0.45,3175,1589,0.801,1272,82,19855,Portland Trail Blazers,879,1669,297,2754,7123,0.439,3130,1713,0.758,1298,902,1534,8082,655,1552,0.338,524,3656,999,5571,0.468,2606,1494,8429,9,525,2231,0.362,807,3760,1117,4818,0.491,2368,2015
ATL,ATL,2111,380,2611,6699,0.466,3121,1735,0.778,1349,82,19730,Atlanta Hawks,715,1931,404,2631,6815,0.439,2991,1651,0.764,1262,948,1611,7964,604,2112,0.341,720,3579,1317,4703,0.483,2271,1457,8409,10,744,2152,0.38,818,3326,1167,4547,0.506,2303,2015
PHO,PHO,1659,385,2643,7038,0.452,3178,1767,0.76,1343,82,19880,Phoenix Suns,896,1734,337,2766,6972,0.452,3149,2030,0.759,1540,951,1664,8471,651,1798,0.352,633,3717,1276,5174,0.486,2516,1744,8397,11,700,2048,0.341,698,3539,1238,4990,0.497,2480,2015
DEN,DEN,1788,367,2653,7158,0.433,3099,1991,0.734,1462,82,19880,Denver Nuggets,1012,1894,504,2798,6909,0.458,3164,2208,0.748,1652,899,1698,8611,611,1823,0.346,631,3697,1177,5086,0.498,2533,1882,8320,12,641,2032,0.325,660,3665,1166,5126,0.476,2439,2015
BOS,BOS,2009,294,2685,7211,0.443,3193,1678,0.754,1266,82,19880,Boston Celtics,910,1798,431,2772,6943,0.45,3125,1909,0.755,1442,893,1545,8299,583,1804,0.336,607,3665,1239,5139,0.49,2518,1738,8312,13,674,2021,0.327,660,3595,1133,5190,0.488,2533,2015
SAC,SAC,1667,324,2728,6617,0.455,3010,2400,0.762,1829,82,19855,Sacramento Kings,895,1912,508,2479,7094,0.456,3238,1898,0.748,1420,898,1958,8614,712,2055,0.349,718,3377,1059,5039,0.5,2520,1696,8310,14,550,1350,0.341,461,3623,1333,5267,0.484,2549,2015
CHI,CHI,1781,476,2792,6797,0.442,3001,2067,0.783,1618,82,19880,Chicago Bulls,959,1657,443,2598,7109,0.435,3095,1723,0.749,1291,963,1736,8019,614,1605,0.335,538,3561,1000,5504,0.465,2557,1495,8265,15,514,1825,0.353,645,3751,1145,4972,0.474,2356,2015
NOP,NOP,1806,510,2621,6795,0.457,3108,1790,0.751,1345,82,19780,New Orleans Pelicans,942,1700,475,2537,6814,0.456,3108,1751,0.759,1329,870,1533,8082,555,1605,0.335,537,3407,1003,5209,0.494,2571,1530,8147,16,553,1583,0.37,586,3563,1087,5212,0.484,2522,2015
WAS,WAS,1969,378,2801,6790,0.462,3139,1758,0.742,1305,82,19955,Washington Wizards,862,1634,350,2599,6844,0.433,2965,1942,0.738,1434,821,1610,8021,655,1885,0.349,657,3420,1145,4959,0.465,2308,1707,8080,17,601,1381,0.36,497,3663,1233,5409,0.488,2642,2015
DET,DET,1771,383,2630,7038,0.432,3041,1838,0.703,1292,82,19830,Detroit Pistons,1051,1949,391,2740,6817,0.456,3106,1699,0.772,1312,877,1584,8159,572,1789,0.355,635,3617,1146,5028,0.491,2471,1559,8077,18,623,2043,0.344,703,3681,1099,4995,0.468,2338,2015
LAL,LAL,1715,366,2647,7020,0.435,3054,1935,0.741,1433,82,19930,Los Angeles Lakers,952,1966,396,2797,6817,0.466,3180,2118,0.745,1577,824,1589,8634,611,1921,0.363,697,3621,1068,4896,0.507,2483,1741,8073,19,578,1546,0.344,532,3599,1086,5474,0.461,2522,2015
MEM,MEM,1777,347,2634,6763,0.458,3097,1869,0.773,1445,82,19905,Memphis Grizzlies,856,1652,424,2616,6684,0.442,2954,1651,0.742,1225,864,1662,7796,604,1889,0.351,663,3480,1257,4795,0.478,2291,1567,8062,20,700,1246,0.339,423,3490,1094,5517,0.485,2674,2015
BRK,BRK,1716,340,2627,6804,0.451,3069,1817,0.748,1359,82,19930,Brooklyn Nets,846,1944,372,2699,6913,0.456,3150,1748,0.731,1278,937,1641,8274,643,1944,0.358,696,3636,1137,4969,0.494,2454,1579,8038,21,576,1633,0.331,541,3473,1133,5171,0.489,2528,2015
MIL,MIL,1932,403,2574,6722,0.459,3083,1734,0.757,1312,82,19930,Milwaukee Bucks,876,1831,392,2576,6681,0.437,2917,1993,0.742,1478,938,1649,7988,708,1974,0.342,676,3514,1425,4707,0.476,2241,1814,8023,22,789,1500,0.363,545,3450,1373,5222,0.486,2538,2015
MIN,MIN,1771,327,2406,6820,0.438,2986,2110,0.776,1638,82,19805,Minnesota Timberwolves,949,1933,449,2619,6933,0.487,3373,1704,0.759,1294,953,1751,8737,686,1897,0.367,697,3572,1243,5036,0.531,2676,1571,8016,23,668,1223,0.332,406,3355,1231,5597,0.461,2580,2015
IND,IND,1757,375,2822,6824,0.439,2998,1817,0.756,1373,82,19855,Indiana Pacers,856,1633,386,2704,6784,0.435,2949,1951,0.753,1469,800,1754,7958,617,1713,0.345,591,3504,1045,5071,0.465,2358,1742,7981,24,505,1740,0.352,612,3678,1147,5084,0.469,2386,2015
ORL,ORL,1692,314,2607,6792,0.453,3076,1565,0.729,1141,82,19755,Orlando Magic,822,1921,441,2739,6720,0.463,3112,1878,0.751,1410,825,1467,8316,635,1853,0.368,682,3564,1185,4867,0.499,2430,1714,7847,25,647,1598,0.347,554,3429,1221,5194,0.486,2522,2015
UTA,UTA,1632,489,2617,6492,0.447,2900,1929,0.721,1391,82,19705,Utah Jazz,988,1594,382,2406,6587,0.446,2935,1760,0.744,1309,811,1604,7783,674,1670,0.362,604,3217,1076,4917,0.474,2331,1583,7801,26,623,1781,0.343,610,3605,1256,4711,0.486,2290,2015
MIA,MIA,1626,372,2461,6330,0.456,2885,1940,0.741,1438,82,19730,Miami Heat,747,1748,359,2467,6523,0.454,2960,1905,0.73,1391,894,1715,7977,646,1887,0.353,666,3361,1215,4636,0.495,2294,1636,7764,27,642,1659,0.335,556,3208,1214,4671,0.499,2329,2015
CHO,CHO,1654,448,2793,6932,0.42,2913,1867,0.748,1397,82,19905,Charlotte Hornets,820,1815,440,2890,6863,0.44,3020,1673,0.772,1292,728,1708,7981,502,1816,0.357,649,3618,1033,5047,0.47,2371,1494,7721,28,499,1566,0.318,498,3613,976,5366,0.45,2415,2015
PHI,PHI,1683,487,2536,6777,0.408,2765,1953,0.676,1320,82,19805,Philadelphia 76ers,978,1942,454,2853,6785,0.449,3045,2023,0.756,1530,940,1657,8278,779,1879,0.35,658,3793,1374,4906,0.487,2387,1778,7542,29,789,2160,0.32,692,3514,1453,4617,0.449,2073,2015
NYK,NYK,1746,382,2443,6726,0.428,2882,1575,0.769,1211,82,19855,New York Knicks,867,1783,353,2669,6592,0.46,3031,2032,0.759,1543,898,1564,8299,659,1825,0.38,694,3567,1153,4767,0.49,2337,1768,7535,30,575,1614,0.347,560,3310,1206,5112,0.454,2322,2015
GSW,GSW,2373,498,2972,7159,0.487,3489,1790,0.763,1366,82,19880,Golden State Warriors,816,1823,336,2662,7330,0.435,3188,2013,0.757,1523,937,1627,8539,710,1928,0.332,640,3599,1185,5402,0.472,2548,1701,9421,1,689,2592,0.416,1077,3788,1245,4567,0.528,2412,2016
OKC,OKC,1883,487,2916,7082,0.476,3372,2067,0.782,1616,82,19830,Oklahoma City Thunder,1071,1767,373,2373,7192,0.438,3150,1950,0.756,1474,923,1653,8441,719,1949,0.342,667,3296,1068,5243,0.474,2483,1691,9038,2,603,1945,0.349,678,3987,1305,5137,0.524,2694,2016
SAC,SAC,2009,368,2760,7083,0.464,3283,2089,0.725,1514,82,19805,Sacramento Kings,868,1986,437,2765,7194,0.462,3327,1902,0.762,1450,926,1800,8943,722,2293,0.366,839,3691,1308,4901,0.508,2488,1676,8740,3,733,1839,0.359,660,3628,1326,5244,0.5,2623,2016
HOU,HOU,1821,430,2601,6847,0.452,3094,2407,0.694,1671,82,19830,Houston Rockets,930,2015,404,2690,6977,0.459,3200,2018,0.756,1525,970,1847,8721,734,2206,0.361,796,3660,1360,4771,0.504,2404,1790,8737,4,821,2533,0.347,878,3531,1307,4314,0.514,2216,2016
BOS,BOS,1981,348,2733,7318,0.439,3216,1929,0.788,1520,82,19780,Boston Celtics,950,1715,450,2838,6973,0.441,3075,2136,0.755,1613,932,1718,8406,622,1912,0.336,643,3770,1348,5061,0.481,2432,1796,8669,5,752,2142,0.335,717,3683,1127,5176,0.483,2499,2016
POR,POR,1748,380,2782,7040,0.45,3167,1889,0.754,1424,82,19805,Portland Trail Blazers,948,1770,424,2716,6945,0.453,3146,2129,0.734,1562,867,1597,8554,630,1888,0.371,700,3583,1088,5057,0.484,2446,1782,8622,6,562,2336,0.37,864,3730,1200,4704,0.49,2303,2016
LAC,LAC,1873,460,2727,6759,0.465,3141,2152,0.692,1490,82,19830,Los Angeles Clippers,721,1740,259,2861,6946,0.434,3015,2055,0.751,1543,968,1842,8218,583,1909,0.338,645,3829,1260,5037,0.471,2370,1746,8569,7,709,2190,0.364,797,3448,1063,4569,0.513,2344,2016
CLE,CLE,1861,317,2777,6888,0.46,3171,1783,0.748,1333,82,19855,Cleveland Cavaliers,873,1756,362,2604,6736,0.448,3019,1855,0.743,1378,760,1690,8063,590,1862,0.347,647,3364,1092,4874,0.487,2372,1666,8555,8,551,2428,0.362,880,3650,1114,4460,0.514,2291,2016
WAS,WAS,2005,323,2688,7033,0.46,3238,1849,0.73,1349,82,19755,Washington Wizards,743,1846,356,2858,6868,0.462,3170,1947,0.769,1498,773,1651,8575,661,1987,0.371,737,3631,1325,4881,0.498,2433,1708,8534,9,708,1983,0.358,709,3431,1186,5050,0.501,2529,2016
SAS,SAS,2010,485,2831,6797,0.484,3289,1672,0.803,1342,82,19705,San Antonio Spurs,770,1707,317,2576,6709,0.436,2928,1611,0.758,1221,747,1597,7618,592,1634,0.331,541,3323,1214,5075,0.47,2387,1433,8490,10,677,1518,0.375,570,3601,1071,5279,0.515,2719,2016
CHO,CHO,1778,438,2869,6922,0.439,3036,1941,0.79,1534,82,19855,Charlotte Hornets,734,1901,448,2936,6971,0.444,3098,1735,0.769,1334,726,1670,8256,553,2081,0.349,726,3662,1103,4890,0.485,2372,1487,8479,11,595,2410,0.362,873,3603,1030,4512,0.479,2163,2016
ATL,ATL,2100,486,2772,6923,0.458,3168,1638,0.783,1282,82,19830,Atlanta Hawks,679,1808,411,2869,7058,0.432,3046,1810,0.755,1366,944,1500,8137,706,2008,0.338,679,3813,1324,5050,0.469,2367,1570,8433,12,747,2326,0.35,815,3451,1226,4597,0.512,2353,2016
NOP,NOP,1818,342,2712,7040,0.448,3153,1823,0.776,1415,82,19780,New Orleans Pelicans,782,1899,423,2912,6877,0.468,3218,1972,0.783,1544,730,1630,8734,602,2043,0.369,754,3642,1127,4834,0.51,2464,1713,8423,13,633,1951,0.36,702,3494,1102,5089,0.482,2451,2016
TOR,TOR,1536,449,2724,6669,0.451,3006,2190,0.777,1702,82,19780,Toronto Raptors,836,1781,442,2561,6732,0.444,2991,1809,0.748,1354,782,1801,8053,534,1922,0.373,717,3343,1094,4810,0.473,2274,1610,8422,14,636,1915,0.37,708,3560,1073,4754,0.483,2298,2016
MIN,MIN,1916,375,2587,6668,0.464,3095,2213,0.792,1753,82,19880,Minnesota Timberwolves,821,1857,427,2558,6962,0.471,3276,1842,0.757,1394,877,1768,8688,638,2089,0.355,742,3435,1220,4873,0.52,2534,1696,8398,15,656,1347,0.338,455,3408,1231,5321,0.496,2640,2016
DAL,DAL,1813,306,2781,6900,0.444,3064,1831,0.794,1454,82,20005,Dallas Mavericks,751,1800,363,2887,6971,0.451,3144,1873,0.738,1382,868,1757,8413,617,2170,0.342,743,3755,1142,4801,0.5,2401,1595,8388,16,560,2342,0.344,806,3532,1047,4558,0.495,2258,2016
IND,IND,1741,391,2779,6985,0.45,3142,1872,0.764,1430,82,19880,Indiana Pacers,847,1707,366,2774,6962,0.44,3065,1901,0.751,1428,877,1676,8237,634,2035,0.334,679,3651,1297,4927,0.484,2386,1641,8377,17,742,1889,0.351,663,3626,1219,5096,0.486,2479,2016
ORL,ORL,1933,417,2709,7120,0.455,3242,1649,0.757,1249,82,19905,Orlando Magic,843,1899,448,2800,6850,0.46,3150,1971,0.746,1470,832,1497,8502,620,2041,0.359,732,3632,1240,4809,0.503,2418,1701,8369,18,673,1818,0.35,636,3552,1155,5302,0.492,2606,2016
DET,DET,1594,304,2777,7087,0.439,3111,2095,0.668,1399,82,19880,Detroit Pistons,1021,1766,366,2763,6903,0.461,3182,1726,0.783,1351,725,1773,8311,583,1679,0.355,596,3488,1099,5224,0.495,2586,1557,8361,19,573,2148,0.345,740,3798,1110,4939,0.48,2371,2016
DEN,DEN,1858,395,2718,7003,0.442,3093,1974,0.766,1513,82,19830,Denver Nuggets,941,1924,517,2700,6904,0.461,3182,1958,0.761,1491,799,1712,8609,660,2033,0.371,754,3499,1122,4871,0.498,2428,1723,8355,20,609,1943,0.338,656,3659,1202,5060,0.482,2437,2016
CHI,CHI,1870,470,2889,7170,0.441,3165,1720,0.787,1354,82,19905,Chicago Bulls,907,1848,465,2798,7333,0.441,3234,1813,0.737,1337,969,1535,8456,655,1885,0.345,651,3767,974,5448,0.474,2583,1545,8335,21,495,1753,0.371,651,3796,1141,5417,0.464,2514,2016
PHO,PHO,1701,313,2733,7018,0.435,3051,1905,0.751,1431,82,19705,Phoenix Suns,943,1837,449,2770,6870,0.467,3208,2177,0.749,1631,813,1770,8817,782,2041,0.377,770,3583,1224,4829,0.505,2438,1858,8271,22,632,2118,0.348,738,3676,1410,4900,0.472,2313,2016
MIA,MIA,1709,531,2811,6697,0.47,3150,1889,0.744,1406,82,19830,Miami Heat,807,1657,337,2580,6914,0.442,3054,1761,0.77,1356,803,1608,8069,612,1742,0.347,605,3383,1060,5172,0.474,2449,1502,8204,23,553,1480,0.336,498,3618,1155,5217,0.508,2652,2016
MEM,MEM,1697,350,2497,6859,0.44,3019,2024,0.783,1584,82,19830,Memphis Grizzlies,916,1792,469,2711,6459,0.456,2947,2107,0.768,1619,830,1732,8310,576,2185,0.365,797,3541,1328,4274,0.503,2150,1783,8126,24,724,1521,0.331,504,3413,1090,5338,0.471,2515,2016
MIL,MIL,1895,475,2559,6740,0.467,3145,1863,0.747,1392,82,19830,Milwaukee Bucks,858,2013,462,2583,6817,0.454,3097,1961,0.768,1506,942,1600,8465,679,2171,0.352,765,3525,1269,4646,0.502,2332,1695,8122,25,672,1277,0.345,440,3417,1247,5463,0.495,2705,2016
BRK,BRK,1829,332,2614,6920,0.453,3136,1699,0.757,1286,82,19755,Brooklyn Nets,863,2006,430,2719,6984,0.479,3345,1608,0.763,1227,840,1510,8692,720,2100,0.369,775,3559,1162,4884,0.526,2570,1476,8089,26,627,1508,0.352,531,3477,1212,5412,0.481,2605,2016
NYK,NYK,1682,466,2788,6886,0.439,3022,1753,0.805,1411,82,19805,New York Knicks,850,1703,343,2733,7035,0.443,3114,1904,0.754,1435,890,1520,8289,589,1838,0.341,626,3623,927,5197,0.479,2488,1616,8065,27,467,1762,0.346,610,3638,1099,5124,0.471,2412,2016
UTA,UTA,1555,425,2665,6593,0.449,2957,1885,0.744,1402,82,19955,Utah Jazz,880,1568,385,2522,6549,0.446,2920,1842,0.746,1374,764,1629,7863,652,1819,0.357,649,3286,1146,4730,0.48,2271,1655,8010,28,631,1956,0.355,694,3545,1224,4637,0.488,2263,2016
PHI,PHI,1765,495,2605,6887,0.431,2970,1850,0.694,1284,82,19805,Philadelphia 76ers,777,1919,466,2987,7005,0.464,3253,2141,0.786,1683,913,1571,8827,711,1776,0.359,638,3900,1241,5229,0.5,2615,1780,7988,29,680,2255,0.339,764,3382,1343,4632,0.476,2206,2016
LAL,LAL,1478,337,2645,6956,0.414,2880,2028,0.781,1583,82,19730,Los Angeles Lakers,878,2022,458,2915,7023,0.473,3323,1942,0.731,1420,897,1573,8766,617,2016,0.347,700,3812,1037,5007,0.524,2623,1662,7982,30,593,2016,0.317,639,3523,1124,4940,0.454,2241,2016
GSW,GSW,2491,555,2873,7140,0.495,3532,1850,0.788,1457,82,19780,Golden State Warriors,770,1862,313,2604,7311,0.435,3181,1905,0.761,1450,963,1588,8549,705,2277,0.324,737,3567,1272,5034,0.485,2444,1585,9503,1,785,2562,0.383,982,3643,1211,4578,0.557,2550,2017
HOU,HOU,2070,352,2746,7152,0.462,3305,2177,0.766,1667,82,19780,Houston Rockets,892,1979,409,2735,7286,0.463,3375,1819,0.778,1415,878,1674,8985,697,2389,0.343,820,3613,1235,4897,0.522,2555,1634,9458,2,670,3306,0.357,1181,3638,1240,3846,0.552,2124,2017
DEN,DEN,2077,323,2837,7194,0.469,3377,1986,0.774,1537,82,19755,Denver Nuggets,966,1972,404,2576,7248,0.477,3454,1794,0.782,1403,770,1653,9119,681,2153,0.375,808,3346,982,5095,0.519,2646,1567,9161,3,568,2365,0.368,870,3803,1226,4829,0.519,2507,2017
CLE,CLE,1858,327,2821,6963,0.47,3275,1913,0.748,1431,82,19880,Cleveland Cavaliers,766,2024,349,2724,7284,0.458,3333,1644,0.773,1271,902,1690,8787,598,2353,0.361,850,3626,1033,4931,0.504,2483,1486,9048,4,539,2779,0.384,1067,3587,1121,4184,0.528,2208,2017
WAS,WAS,1956,336,2671,7137,0.475,3388,1812,0.784,1421,82,19855,Washington Wizards,843,1870,377,2661,6978,0.466,3253,1982,0.751,1489,868,1621,8805,606,2224,0.364,810,3529,1257,4754,0.514,2443,1745,8953,5,693,2030,0.372,756,3514,1162,5107,0.515,2632,2017
LAC,LAC,1848,347,2790,6820,0.475,3242,2128,0.745,1586,82,19755,Los Angeles Clippers,738,1891,258,2700,6999,0.452,3163,1917,0.772,1480,837,1835,8559,577,2154,0.35,753,3537,1084,4845,0.497,2410,1626,8911,6,612,2245,0.375,841,3528,1062,4575,0.525,2401,2017
BOS,BOS,2069,340,2698,6978,0.454,3168,1903,0.807,1536,82,19755,Boston Celtics,744,1851,425,2769,7035,0.45,3168,2042,0.769,1570,883,1664,8641,623,2213,0.332,735,3652,1141,4822,0.505,2433,1686,8857,7,617,2742,0.359,985,3442,1088,4236,0.515,2183,2017
POR,POR,1733,408,2750,7059,0.459,3243,1940,0.78,1513,82,19930,Portland Trail Blazers,830,1688,431,2778,7069,0.455,3213,2173,0.785,1706,830,1624,8894,633,2058,0.37,762,3608,1052,5011,0.489,2451,1736,8851,8,574,2272,0.375,852,3580,1126,4787,0.499,2391,2017
PHO,PHO,1604,399,2712,7260,0.45,3270,2159,0.776,1676,82,19830,Phoenix Suns,976,1818,435,2772,7070,0.467,3300,2387,0.783,1868,840,1822,9293,663,2159,0.382,825,3612,1222,4911,0.504,2475,2030,8831,9,673,1854,0.332,615,3688,1265,5406,0.491,2655,2017
TOR,TOR,1517,400,2676,6918,0.464,3211,2028,0.796,1615,82,19780,Toronto Raptors,871,1786,392,2619,6801,0.449,3052,1948,0.78,1519,831,1666,8417,547,2240,0.354,794,3450,1200,4561,0.495,2258,1708,8762,10,677,1996,0.363,725,3547,1041,4922,0.505,2486,2017
OKC,OKC,1721,408,2821,7169,0.452,3237,2113,0.745,1575,82,19805,Oklahoma City Thunder,1002,1758,450,2583,6998,0.459,3215,1996,0.764,1525,750,1697,8679,698,2036,0.356,724,3333,1129,4962,0.502,2491,1715,8741,11,648,2116,0.327,692,3823,1230,5053,0.504,2545,2017
BRK,BRK,1756,387,2879,6987,0.444,3102,2020,0.788,1592,82,19755,Brooklyn Nets,721,1888,457,2965,7449,0.458,3414,2049,0.772,1581,902,1671,9225,780,2232,0.366,816,3867,1092,5217,0.498,2598,1726,8673,12,593,2591,0.338,877,3600,1356,4396,0.506,2225,2017
MIN,MIN,1940,370,2540,6922,0.467,3235,1986,0.799,1586,82,19805,Minnesota Timberwolves,938,1896,413,2508,6829,0.475,3246,1881,0.768,1445,806,1681,8748,629,2213,0.366,811,3314,1169,4616,0.528,2435,1646,8657,13,654,1723,0.349,601,3478,1150,5199,0.507,2634,2017
SAS,SAS,1954,484,2777,6864,0.469,3222,1806,0.797,1440,82,19805,San Antonio Spurs,821,1757,333,2600,6839,0.443,3032,1705,0.771,1315,800,1623,8047,614,1942,0.344,668,3400,1184,4897,0.483,2364,1498,8637,14,655,1927,0.391,753,3598,1101,4937,0.5,2469,2017
IND,IND,1844,409,2702,6931,0.465,3221,1811,0.81,1467,82,19855,Indiana Pacers,742,1832,407,2751,6909,0.451,3115,1974,0.789,1557,879,1599,8636,661,2389,0.355,849,3630,1225,4520,0.501,2266,1597,8618,15,669,1885,0.376,709,3444,1130,5046,0.498,2512,2017
CHO,CHO,1891,390,2853,7000,0.442,3093,1953,0.815,1591,82,19830,Charlotte Hornets,721,2012,450,2909,7092,0.456,3237,1496,0.776,1161,732,1631,8585,539,2576,0.369,950,3641,1071,4516,0.506,2287,1360,8601,16,571,2347,0.351,824,3574,942,4653,0.488,2269,2017
LAL,LAL,1716,320,2636,7164,0.45,3224,1853,0.754,1397,82,19705,Los Angeles Lakers,933,2110,440,2801,7053,0.483,3405,1966,0.762,1499,843,1520,9139,698,2245,0.37,830,3644,1188,4808,0.536,2575,1698,8575,17,674,2110,0.346,730,3569,1243,5054,0.493,2494,2017
NOP,NOP,1869,453,2879,7130,0.45,3210,1825,0.75,1368,82,19905,New Orleans Pelicans,703,1921,348,3091,7299,0.45,3286,1697,0.762,1293,872,1581,8728,603,2445,0.353,863,3963,1144,4854,0.499,2423,1490,8556,18,638,2196,0.35,768,3582,1054,4934,0.495,2442,2017
NYK,NYK,1786,455,2723,7256,0.447,3244,1731,0.788,1364,82,19855,New York Knicks,983,1786,377,2715,7163,0.455,3259,1988,0.771,1533,953,1516,8857,615,2313,0.348,806,3668,1060,4850,0.506,2453,1668,8556,19,581,2022,0.348,704,3706,1139,5234,0.485,2540,2017
MIL,MIL,1984,436,2589,6715,0.474,3182,1839,0.768,1413,82,19780,Milwaukee Bucks,723,1974,375,2636,6802,0.458,3116,1900,0.771,1464,845,1579,8512,609,2312,0.353,816,3481,1205,4490,0.512,2300,1660,8497,20,666,1946,0.37,720,3312,1145,4769,0.516,2462,2017
MIA,MIA,1742,469,2705,7037,0.455,3202,1768,0.706,1248,82,19780,Miami Heat,872,1611,398,2737,6904,0.45,3108,1940,0.782,1518,837,1530,8373,556,1864,0.343,639,3574,1121,5040,0.49,2469,1680,8460,21,588,2213,0.365,808,3577,1102,4824,0.496,2394,2017
ATL,ATL,1938,397,2793,6918,0.451,3123,2039,0.728,1484,82,19880,Atlanta Hawks,842,1919,424,2722,7155,0.444,3178,1658,0.772,1280,876,1768,8529,738,2502,0.357,893,3598,1262,4653,0.491,2285,1491,8459,22,672,2137,0.341,729,3635,1294,4781,0.501,2394,2017
CHI,CHI,1851,393,2797,7141,0.444,3169,1848,0.798,1474,82,19780,Chicago Bulls,999,1939,378,2698,7099,0.456,3236,1555,0.77,1197,843,1541,8400,602,2121,0.345,731,3541,1100,4978,0.503,2505,1455,8435,23,643,1831,0.34,623,3796,1112,5310,0.479,2546,2017
SAC,SAC,1844,324,2652,6734,0.461,3105,1913,0.775,1483,82,19880,Sacramento Kings,715,1941,420,2689,6824,0.462,3153,1988,0.778,1546,826,1646,8748,694,2462,0.364,896,3515,1145,4362,0.517,2257,1667,8430,24,627,1960,0.376,737,3367,1201,4774,0.496,2368,2017
PHI,PHI,1949,420,2706,6992,0.442,3088,1806,0.771,1393,82,19830,Philadelphia 76ers,807,1859,446,2802,7043,0.461,3244,2135,0.773,1650,886,1610,8867,704,2044,0.357,729,3688,1241,4999,0.503,2515,1793,8400,25,692,2443,0.34,831,3513,1366,4549,0.496,2257,2017
DET,DET,1732,310,2838,7282,0.449,3269,1586,0.719,1140,82,19805,Detroit Pistons,908,1929,339,2861,6830,0.46,3144,1726,0.78,1346,656,1434,8401,551,2098,0.366,767,3517,1046,4732,0.502,2377,1467,8309,26,574,1915,0.33,631,3746,973,5367,0.492,2638,2017
ORL,ORL,1820,396,2734,7133,0.44,3139,1753,0.747,1309,82,19805,Orlando Magic,807,1936,419,2934,7081,0.467,3304,1860,0.766,1425,799,1532,8827,622,2161,0.367,794,3733,1069,4920,0.51,2510,1584,8288,27,580,2139,0.328,701,3541,1091,4994,0.488,2438,2017
UTA,UTA,1651,410,2774,6515,0.466,3033,1875,0.747,1401,82,19755,Utah Jazz,771,1463,312,2554,6723,0.443,2978,1701,0.769,1308,742,1655,7935,598,1874,0.358,671,3296,995,4849,0.476,2307,1545,8258,28,550,2128,0.372,791,3545,1118,4387,0.511,2242,2017
MEM,MEM,1744,344,2621,6854,0.435,2984,1918,0.784,1504,82,19905,Memphis Grizzlies,886,1645,410,2692,6465,0.443,2864,2202,0.753,1658,761,1708,8199,574,2299,0.354,813,3453,1171,4166,0.492,2051,1840,8239,29,653,2169,0.354,767,3507,1059,4685,0.473,2217,2017
DAL,DAL,1705,307,2516,6750,0.44,2968,1516,0.801,1215,82,19780,Dallas Mavericks,647,1743,280,2923,6477,0.469,3035,1827,0.772,1411,727,1591,8269,535,2074,0.38,788,3650,1225,4403,0.51,2247,1567,8029,30,614,2473,0.355,878,3163,972,4277,0.489,2090,2017
GSW,GSW,2402,612,2877,6981,0.503,3509,1668,0.815,1360,82,19730,Golden State Warriors,691,1934,301,2592,7380,0.447,3296,1807,0.758,1369,893,1516,8814,717,2392,0.357,853,3485,1175,4988,0.49,2443,1607,9304,1,656,2370,0.391,926,3568,1267,4611,0.56,2583,2018
HOU,HOU,1767,392,2825,6906,0.46,3174,2061,0.781,1609,82,19755,Houston Rockets,739,1837,363,2738,7017,0.462,3244,1610,0.746,1201,710,1670,8518,609,2365,0.351,829,3448,1194,4652,0.519,2415,1597,9213,2,699,3470,0.362,1256,3564,1135,3436,0.558,1918,2018
NOP,NOP,2195,485,2924,7241,0.483,3500,1716,0.772,1324,82,19955,New Orleans Pelicans,712,1947,344,2843,7539,0.454,3423,1679,0.784,1317,887,1669,9054,670,2509,0.355,891,3730,1186,5030,0.503,2532,1570,9161,3,657,2312,0.362,837,3636,1223,4929,0.54,2663,2018
TOR,TOR,1995,500,2807,7169,0.472,3383,1790,0.794,1422,82,19830,Toronto Raptors,800,1785,401,2672,7017,0.449,3149,1941,0.767,1489,806,1633,8518,588,2046,0.357,731,3478,1176,4971,0.486,2418,1783,9156,4,626,2705,0.358,968,3607,1095,4464,0.541,2415,2018
CLE,CLE,1916,312,2761,6950,0.476,3311,1909,0.779,1488,82,19730,Cleveland Cavaliers,694,2122,340,2766,7238,0.474,3429,1588,0.756,1200,812,1696,9014,613,2596,0.368,956,3578,1105,4642,0.533,2473,1524,9091,5,582,2636,0.372,981,3455,1126,4314,0.54,2330,2018
DEN,DEN,2059,404,2748,7102,0.47,3338,1830,0.767,1404,82,19880,Denver Nuggets,902,2028,391,2613,7113,0.476,3386,1671,0.738,1234,800,1699,8899,654,2364,0.378,893,3413,1131,4749,0.525,2493,1533,9020,6,627,2536,0.371,940,3650,1227,4566,0.525,2398,2018
PHI,PHI,2221,420,2996,7098,0.472,3349,1868,0.752,1405,82,19780,Philadelphia 76ers,893,1782,417,2641,7185,0.434,3120,2102,0.745,1566,818,1670,8635,697,2427,0.342,829,3459,1173,4758,0.482,2291,1811,9004,7,682,2445,0.369,901,3889,1353,4653,0.526,2448,2018
MIN,MIN,1861,345,2593,7063,0.476,3365,1980,0.804,1592,82,19805,Minnesota Timberwolves,848,1962,382,2626,6942,0.475,3298,1683,0.779,1311,803,1711,8797,529,2431,0.366,890,3429,1239,4511,0.534,2408,1495,8980,8,689,1845,0.357,658,3441,1021,5218,0.519,2707,2018
LAC,LAC,1832,373,2766,7004,0.471,3302,2095,0.743,1556,82,19705,Los Angeles Clippers,832,2015,462,2706,7194,0.458,3298,1864,0.782,1457,871,1803,8934,699,2477,0.356,881,3577,1154,4717,0.512,2417,1638,8937,9,628,2196,0.354,777,3598,1204,4808,0.525,2525,2018
CHO,CHO,1770,373,2901,7106,0.45,3197,2216,0.747,1656,82,19780,Charlotte Hornets,827,2029,404,2891,7199,0.468,3370,1494,0.795,1187,692,1839,8853,542,2467,0.375,926,3583,1112,4732,0.516,2444,1409,8874,10,559,2233,0.369,824,3728,1041,4873,0.487,2373,2018
LAL,LAL,1949,388,2927,7248,0.461,3338,1910,0.714,1364,82,19905,Los Angeles Lakers,876,1932,447,2835,7374,0.456,3366,1843,0.761,1402,840,1679,8989,682,2469,0.346,855,3675,1170,4905,0.512,2511,1736,8862,11,633,2384,0.345,822,3803,1295,4864,0.517,2516,2018
OKC,OKC,1750,412,2671,7221,0.453,3271,1985,0.716,1421,82,19830,Oklahoma City Thunder,1024,1911,377,2676,6885,0.458,3156,1733,0.769,1332,781,1750,8564,630,2507,0.367,920,3457,1315,4378,0.511,2236,1653,8844,12,743,2491,0.354,881,3695,1147,4730,0.505,2390,2018
WAS,WAS,2065,353,2713,7018,0.467,3275,1786,0.772,1378,82,19855,Washington Wizards,823,1831,383,2682,6918,0.462,3195,1931,0.761,1469,805,1639,8694,641,2393,0.349,835,3487,1224,4525,0.522,2360,1746,8742,13,645,2173,0.375,814,3536,1196,4845,0.508,2461,2018
BRK,BRK,1941,390,2852,7114,0.441,3136,1850,0.772,1428,82,19855,Brooklyn Nets,792,1782,450,2981,7334,0.466,3418,1921,0.766,1471,853,1615,9048,630,2010,0.369,741,3834,1015,5324,0.503,2677,1688,8741,14,512,2924,0.356,1041,3644,1245,4190,0.5,2095,2018
MIL,MIL,1905,443,2579,6807,0.478,3257,1915,0.783,1499,82,19830,Milwaukee Bucks,688,1939,366,2686,6864,0.468,3209,1926,0.783,1509,817,1633,8756,585,2226,0.372,829,3503,1279,4638,0.513,2380,1752,8731,15,722,2024,0.355,718,3267,1134,4783,0.531,2539,2018
POR,POR,1599,423,2893,7132,0.452,3222,1715,0.8,1372,82,19755,Portland Trail Blazers,835,1655,418,2755,7042,0.447,3146,1803,0.755,1362,763,1564,8448,602,2179,0.364,794,3518,1036,4863,0.484,2352,1599,8661,16,573,2308,0.366,845,3728,1109,4824,0.493,2377,2018
IND,IND,1819,340,2684,7083,0.472,3345,1573,0.779,1225,82,19755,Indiana Pacers,788,1905,428,2686,6953,0.465,3230,1602,0.757,1213,838,1514,8543,577,2496,0.349,870,3524,1271,4457,0.53,2360,1544,8656,17,721,2010,0.369,741,3472,1089,5073,0.513,2604,2018
NYK,NYK,1912,421,2752,7193,0.464,3334,1557,0.787,1225,82,19830,New York Knicks,859,1965,389,2702,7078,0.457,3233,1906,0.774,1475,838,1509,8858,670,2494,0.368,917,3540,1096,4584,0.505,2316,1682,8566,18,552,1914,0.352,673,3611,1207,5279,0.504,2661,2018
UTA,UTA,1839,420,2807,6797,0.462,3139,1766,0.779,1375,82,19755,Utah Jazz,740,1636,380,2702,6804,0.449,3057,1680,0.771,1295,710,1683,8187,678,2131,0.365,778,3412,1224,4673,0.488,2279,1608,8540,19,708,2425,0.366,887,3547,1205,4372,0.515,2252,2018
BOS,BOS,1842,373,2878,6975,0.45,3141,1697,0.771,1308,82,19805,Boston Celtics,767,1744,364,2804,6973,0.44,3066,1748,0.763,1334,791,1571,8235,594,2270,0.339,769,3595,1159,4703,0.488,2297,1618,8529,20,604,2492,0.377,939,3645,1149,4483,0.491,2202,2018
PHO,PHO,1743,370,2776,7141,0.442,3153,1962,0.741,1453,82,19705,Phoenix Suns,842,1910,488,2906,7274,0.471,3426,2014,0.766,1543,855,1715,9290,712,2398,0.373,895,3761,1099,4876,0.519,2531,1807,8522,21,569,2286,0.334,763,3618,1289,4855,0.492,2390,2018
DET,DET,1868,317,2756,7129,0.45,3208,1621,0.745,1207,82,19805,Detroit Pistons,830,2064,398,2833,6988,0.459,3206,1548,0.776,1201,756,1511,8521,597,2527,0.359,908,3589,1215,4461,0.515,2298,1508,8509,22,628,2373,0.373,886,3586,1103,4756,0.488,2322,2018
MIA,MIA,1862,437,2801,6997,0.455,3184,1601,0.755,1209,82,19930,Miami Heat,763,1720,378,2791,6873,0.45,3090,1885,0.783,1476,744,1587,8441,616,2181,0.36,785,3535,1160,4692,0.491,2305,1648,8480,23,620,2506,0.36,903,3564,1179,4491,0.508,2281,2018
ORL,ORL,1921,400,2692,7042,0.452,3182,1678,0.757,1271,82,19730,Orlando Magic,722,1998,402,2892,7176,0.468,3355,1741,0.773,1345,868,1556,8874,639,2260,0.362,819,3760,1166,4916,0.516,2536,1579,8479,24,622,2405,0.351,844,3414,1192,4637,0.504,2338,2018
ATL,ATL,1946,348,2693,7015,0.446,3130,1654,0.785,1298,82,19705,Atlanta Hawks,743,2137,453,2785,7107,0.469,3336,1686,0.772,1301,841,1661,8922,710,2519,0.377,949,3626,1238,4588,0.52,2387,1606,8475,25,638,2544,0.36,917,3436,1276,4471,0.495,2213,2018
CHI,CHI,1923,289,2873,7285,0.435,3170,1574,0.759,1194,82,19855,Chicago Bulls,790,2123,423,3053,7115,0.472,3360,1660,0.787,1307,691,1425,9017,588,2678,0.37,990,3744,1112,4437,0.534,2370,1571,8440,26,626,2549,0.355,906,3663,1147,4736,0.478,2264,2018
SAS,SAS,1868,460,2777,6999,0.457,3202,1715,0.772,1324,82,19730,San Antonio Spurs,849,1786,318,2731,6911,0.453,3131,1549,0.759,1175,756,1619,8187,622,2154,0.348,750,3487,1155,4757,0.501,2381,1408,8424,27,628,1977,0.352,696,3626,1078,5022,0.499,2506,2018
DAL,DAL,1858,310,2717,7042,0.444,3128,1530,0.763,1167,82,19805,Dallas Mavericks,666,1929,369,3027,6870,0.469,3219,1754,0.757,1327,725,1604,8639,594,2411,0.363,874,3752,1127,4459,0.526,2345,1578,8390,28,578,2688,0.36,967,3383,1008,4354,0.496,2161,2018
MEM,MEM,1767,396,2544,6788,0.444,3013,1732,0.786,1361,82,19705,Memphis Grizzlies,779,1816,421,2703,6587,0.462,3046,2196,0.769,1688,782,1674,8654,662,2377,0.368,874,3485,1210,4210,0.516,2172,1900,8145,29,613,2152,0.352,758,3323,1227,4636,0.486,2255,2018
SAC,SAC,1768,340,2578,7063,0.45,3179,1371,0.735,1008,82,19755,Sacramento Kings,777,1939,389,2843,6759,0.47,3177,1760,0.765,1347,745,1422,8677,636,2586,0.377,976,3588,1176,4173,0.527,2201,1639,8104,30,643,1967,0.375,738,3355,1125,5096,0.479,2441,2018
MIL,MIL,2136,486,3316,7471,0.476,3555,1904,0.773,1471,82,19780,Milwaukee Bucks,762,2031,395,2902,7669,0.433,3322,1694,0.733,1242,813,1653,8959,557,2976,0.361,1073,3715,1096,4693,0.479,2249,1608,9686,1,615,3134,0.353,1105,4078,1137,4337,0.565,2450,2019
GSW,GSW,2413,525,2990,7361,0.491,3612,1672,0.801,1339,82,19805,Golden State Warriors,797,1989,295,2750,7471,0.444,3315,1987,0.773,1535,886,1601,9120,630,2753,0.347,955,3636,1105,4718,0.5,2360,1757,9650,2,625,2824,0.385,1087,3787,1169,4537,0.557,2525,2019
NOP,NOP,2216,441,2969,7563,0.473,3581,1921,0.761,1462,82,19755,New Orleans Pelicans,909,2174,445,2855,7610,0.466,3549,1926,0.764,1471,898,1722,9575,702,2766,0.364,1006,3753,1113,4844,0.525,2543,1732,9466,3,610,2449,0.344,842,3878,1215,5114,0.536,2739,2019
PHI,PHI,2207,432,3025,7233,0.471,3407,2258,0.771,1742,82,19805,Philadelphia 76ers,892,1917,336,2743,7506,0.455,3418,2011,0.768,1545,823,1816,9224,634,2464,0.342,843,3566,1045,5042,0.511,2575,1745,9445,4,606,2474,0.359,889,3917,1223,4759,0.529,2518,2019
LAC,LAC,1970,385,2936,7178,0.471,3384,2340,0.792,1853,82,19830,Los Angeles Clippers,796,1976,498,2826,7490,0.457,3423,2159,0.777,1677,925,1969,9372,677,2477,0.343,849,3751,1081,5013,0.513,2574,1913,9442,5,561,2118,0.388,821,3732,1193,5060,0.507,2563,2019
POR,POR,1887,413,2968,7427,0.467,3470,1914,0.814,1558,82,19855,Portland Trail Blazers,967,1906,420,2670,7384,0.457,3371,1868,0.77,1438,842,1699,9058,603,2443,0.359,878,3512,1014,4941,0.505,2493,1669,9402,6,546,2520,0.359,904,3935,1135,4907,0.523,2566,2019
OKC,OKC,1917,425,2911,7706,0.454,3497,2049,0.713,1461,82,19855,Oklahoma City Thunder,1031,2039,415,2936,7272,0.46,3343,1971,0.761,1500,811,1844,9108,672,2592,0.356,922,3747,1372,4680,0.517,2421,1839,9387,7,766,2677,0.348,932,3942,1145,5029,0.51,2565,2019
TOR,TOR,2085,437,2920,7305,0.474,3460,1803,0.804,1449,82,19880,Toronto Raptors,786,2012,368,2804,7352,0.449,3302,1829,0.765,1399,867,1683,8885,622,2559,0.345,882,3671,1225,4793,0.505,2420,1724,9384,8,680,2771,0.366,1015,3706,1150,4534,0.539,2445,2019
SAC,SAC,2083,363,2819,7637,0.464,3541,1865,0.726,1354,82,19730,Sacramento Kings,906,2024,420,3015,7430,0.466,3465,1998,0.77,1539,917,1753,9455,618,2837,0.348,986,3932,1304,4593,0.54,2479,1751,9363,9,679,2455,0.378,927,3725,1095,5182,0.504,2614,2019
WAS,WAS,2154,379,2679,7387,0.468,3456,1963,0.768,1508,82,19930,Washington Wizards,794,2151,378,2939,7424,0.48,3560,1895,0.778,1474,936,1741,9588,631,2689,0.37,994,3875,1292,4735,0.542,2566,1701,9350,10,683,2731,0.341,930,3473,1154,4656,0.543,2526,2019
HOU,HOU,1741,405,2613,7163,0.449,3218,2001,0.791,1582,82,19830,Houston Rockets,836,1929,369,2825,7106,0.466,3313,1944,0.768,1493,899,1640,8950,607,2444,0.34,831,3724,1232,4662,0.532,2482,1803,9341,11,700,3721,0.356,1323,3449,1094,3442,0.551,1895,2019
ATL,ATL,2118,419,2825,7524,0.451,3392,1918,0.752,1443,82,19855,Atlanta Hawks,955,2202,448,2904,7417,0.473,3508,2321,0.758,1759,871,1817,9788,810,2820,0.359,1013,3775,1234,4597,0.543,2495,1932,9294,12,675,3034,0.352,1067,3780,1397,4490,0.518,2325,2019
MIN,MIN,2018,411,2750,7483,0.456,3413,1995,0.787,1570,82,19830,Minnesota Timberwolves,923,2145,455,2822,7386,0.467,3452,1827,0.767,1401,921,1795,9346,539,2752,0.378,1041,3743,1209,4634,0.52,2411,1664,9223,13,683,2357,0.351,827,3673,1074,5126,0.504,2586,2019
BOS,BOS,2155,435,2849,7423,0.465,3451,1598,0.802,1282,82,19780,Boston Celtics,804,1940,317,2912,7222,0.448,3239,1872,0.764,1430,852,1602,8852,556,2748,0.344,944,3764,1241,4474,0.513,2295,1670,9216,14,706,2829,0.365,1032,3653,1052,4594,0.527,2419,2019
BRK,BRK,1954,339,2919,7358,0.449,3301,2088,0.745,1555,82,19980,Brooklyn Nets,900,1944,432,2889,7581,0.456,3460,1872,0.77,1442,902,1807,9210,638,2486,0.341,848,3791,1104,5095,0.513,2612,1763,9204,15,539,2965,0.353,1047,3819,1236,4393,0.513,2254,2019
LAL,LAL,2096,440,2985,7425,0.47,3491,1910,0.699,1336,82,19780,Los Angeles Lakers,835,2053,421,2918,7610,0.452,3438,1862,0.784,1459,924,1706,9306,683,2784,0.349,971,3842,1167,4826,0.511,2467,1701,9165,16,618,2541,0.333,847,3820,1284,4884,0.541,2644,2019
UTA,UTA,2133,483,2981,7082,0.468,3314,2092,0.736,1540,82,19755,Utah Jazz,820,1770,376,2762,7253,0.452,3276,1822,0.753,1372,733,1835,8730,695,2273,0.355,806,3495,1136,4980,0.496,2470,1728,9161,17,663,2789,0.356,993,3801,1240,4293,0.541,2321,2019
SAS,SAS,2013,386,2910,7248,0.478,3468,1720,0.819,1408,82,19805,San Antonio Spurs,757,2025,332,2844,7354,0.463,3404,1654,0.755,1249,756,1611,9018,589,2678,0.359,961,3600,999,4676,0.522,2443,1487,9156,18,501,2071,0.392,812,3667,992,5177,0.513,2656,2019
CHO,CHO,1905,405,2778,7362,0.448,3297,1895,0.797,1510,82,19830,Charlotte Hornets,814,2133,492,2931,7311,0.47,3436,1660,0.787,1307,825,1686,9171,565,2748,0.361,992,3756,1109,4563,0.536,2444,1550,9081,19,591,2783,0.351,977,3592,1001,4579,0.507,2320,2019
DEN,DEN,2245,363,2832,7384,0.466,3439,1714,0.755,1294,82,19730,Denver Nuggets,972,2016,407,2685,7084,0.458,3246,1822,0.753,1372,799,1675,8751,610,2618,0.339,887,3484,1109,4466,0.528,2359,1644,9075,20,634,2571,0.351,903,3804,1102,4813,0.527,2536,2019
DAL,DAL,1918,351,2884,7122,0.447,3182,2076,0.742,1541,82,19780,Dallas Mavericks,832,2011,368,2840,7315,0.459,3357,1802,0.777,1400,836,1905,9032,643,2667,0.344,918,3676,1065,4648,0.525,2439,1650,8927,21,533,3002,0.34,1022,3716,1167,4120,0.524,2160,2019
IND,IND,2128,404,2766,7135,0.475,3390,1727,0.752,1298,82,19705,Indiana Pacers,762,2006,425,2718,7059,0.45,3177,1718,0.756,1298,862,1642,8584,608,2633,0.354,932,3580,1284,4426,0.507,2245,1594,8857,22,713,2081,0.374,779,3528,1122,5054,0.517,2611,2019
PHO,PHO,1957,418,2563,7164,0.459,3289,1858,0.779,1447,82,19880,Phoenix Suns,748,2126,411,2897,7230,0.482,3482,2263,0.753,1705,971,1694,9581,737,2454,0.372,912,3868,1285,4776,0.538,2570,1932,8815,23,735,2400,0.329,790,3311,1279,4764,0.525,2499,2019
ORL,ORL,2095,445,2902,7307,0.454,3316,1575,0.782,1231,82,19780,Orlando Magic,822,1892,362,2922,7185,0.456,3274,1717,0.778,1336,739,1537,8742,575,2475,0.347,858,3661,1064,4710,0.513,2416,1526,8800,24,543,2633,0.356,937,3724,1082,4674,0.509,2379,2019
DET,DET,1845,331,2752,7238,0.44,3185,1893,0.747,1415,82,19855,Detroit Pistons,936,1940,419,2834,6969,0.469,3271,1947,0.755,1470,747,1748,8798,566,2278,0.345,786,3581,1153,4691,0.53,2485,1811,8778,25,569,2854,0.348,993,3688,1135,4384,0.5,2192,2019
MIA,MIA,1991,448,2879,7218,0.45,3251,1782,0.695,1238,82,19730,Miami Heat,921,1913,389,2792,7116,0.441,3141,1861,0.769,1432,831,1652,8687,612,2717,0.358,973,3623,1159,4399,0.493,2168,1712,8668,26,627,2658,0.349,928,3800,1208,4560,0.509,2323,2019
CHI,CHI,1796,351,2799,7205,0.453,3266,1695,0.783,1328,82,19905,Chicago Bulls,718,2094,473,2984,7316,0.473,3464,1805,0.763,1377,824,1534,9295,600,2709,0.365,990,3808,1092,4607,0.537,2474,1663,8605,27,603,2123,0.351,745,3517,1159,5082,0.496,2521,2019
NYK,NYK,1646,422,2811,7241,0.433,3134,1956,0.759,1484,82,19780,New York Knicks,857,2098,458,3016,7352,0.467,3434,1948,0.766,1493,881,1708,9330,607,2673,0.363,969,3897,1084,4679,0.527,2465,1713,8575,28,557,2421,0.34,823,3668,1151,4820,0.479,2311,2019
CLE,CLE,1698,195,2619,7184,0.444,3189,1694,0.792,1342,82,19755,Cleveland Cavaliers,879,2107,459,2835,7148,0.495,3539,1680,0.77,1293,782,1592,9355,568,2590,0.38,984,3617,1022,4558,0.561,2555,1642,8567,29,534,2388,0.355,847,3498,1106,4796,0.488,2342,2019
MEM,MEM,1963,448,2703,6924,0.45,3113,1882,0.772,1453,82,19880,Memphis Grizzlies,723,1920,402,2883,6836,0.451,3083,2023,0.784,1586,781,1758,8703,625,2639,0.36,951,3664,1249,4197,0.508,2132,1801,8490,30,684,2368,0.342,811,3426,1147,4556,0.505,2302,2019
